CustomerID,TotalOrders,TotalSpent,AverageOrderValue,SubscriptionStatus,MostPurchasedCategory,PurchaseFrequency,LastOrderDate,CartAbandonmentRate
c24c93c2-6b6f-4a47-98c1-f0be7da12316,7,29228.53,4175.5,Active,Toys & Games,Medium,2025-03-02,26.69
0870636e-3c4a-49ae-b04e-040589002e8f,4,9274.04,2318.51,Active,Grooming,Low,2024-12-28,29.1
140edf79-fb7c-41b4-9bc3-b14ea1603ba9,7,22359.48,3194.21,Active,Home & Kitchen,Medium,2025-01-27,11.1
4b9ccfd4-373f-4665-8c47-0e263cbad01b,5,13870.42,2774.08,Inactive,Home & Kitchen,Low,2024-09-12,32.04
1fe0a869-7f9d-458d-b60b-5319d8b671c2,2,4553.62,2276.81,Inactive,Grooming,Low,2024-04-09,18.7
d079f113-bc94-4dc5-806a-c16a24657967,10,22022.25,2202.22,Active,Home & Kitchen,Medium,2025-02-18,40.63
e1cf96e5-5b30-4b71-90bc-bc8caa15a4ec,9,32029.45,3558.83,Active,Clothing,Medium,2024-12-07,6.88
6f0cff97-8400-45ef-a5be-22a4f382909a,5,11040.64,2208.13,Active,Books,Low,2025-03-21,34.87
cefc53f7-8eba-4392-8ab2-55cb56a72cea,6,13716.619999999999,2286.1,Active,Grooming,Medium,2025-03-05,14.25
763dbc4c-cddf-4988-9cf4-6e8104155d09,6,22988.730000000003,3831.46,Active,Grooming,Medium,2024-11-02,49.72
7544247b-85bf-4519-93ae-c0143082974a,4,5276.0199999999995,1319.0,Active,Toys & Games,Low,2024-07-28,18.65
67e6a9d6-5ed4-44c1-b8c4-1cbacd102f42,8,16014.279999999999,2001.78,Active,Clothing,Medium,2025-03-28,25.53
d5dda72d-cfff-4692-8d20-b7e5427d0a7f,1,927.84,927.84,Active,Electronics,Low,2024-04-29,39.18
fb77c707-421b-455f-8620-05f6b3ebb3e3,7,21713.56,3101.94,Inactive,Clothing,Medium,2025-02-11,45.26
1473d324-f664-4494-b7bd-cec15295a0ba,6,21885.719999999998,3647.62,Active,Clothing,Medium,2025-03-09,24.66
cd177cb8-18c0-4f89-9e5c-449cee760eaf,5,19478.36,3895.67,Active,Books,Low,2025-02-28,20.31
bde0b152-4fd3-439e-a304-1e56bf081690,3,7924.789999999999,2641.6,Inactive,Electronics,Low,2024-10-28,43.13
08ee7f00-6b40-4300-b559-b2229586b52e,4,5277.25,1319.31,Active,Clothing,Low,2025-03-09,20.16
d034b80d-ea9c-442b-ba53-722ff01d1629,5,18030.940000000002,3606.19,Active,Clothing,Low,2025-03-19,28.44
06720638-6f48-4e76-96f7-3617c930ea81,2,4090.9799999999996,2045.49,Inactive,Home & Kitchen,Low,2024-04-12,18.64
f306d7a8-bfc5-4884-ad9d-5403637c437b,2,4995.74,2497.87,Active,Electronics,Low,2024-06-24,20.66
d43be456-f018-4a34-8db5-4179034b0c90,4,10462.56,2615.64,Active,Clothing,Low,2025-03-18,33.05
79dca536-b4b0-422b-85a6-d47af064db79,9,22103.809999999998,2455.98,Active,Grooming,Medium,2025-02-13,16.53
fb028935-7f13-4317-b1b8-ddc34e7a08af,5,14865.400000000001,2973.08,Active,Books,Low,2025-01-18,26.38
7f67dc2a-fea1-4b3a-9d02-dc6898af496d,4,12886.349999999999,3221.59,Inactive,Electronics,Low,2024-12-15,18.59
c2b5ac32-8e12-4c3b-af0a-8ae493732b67,5,21579.19,4315.84,Active,Home & Kitchen,Low,2024-10-06,46.2
5dbc97dd-9c11-4ada-bb91-45a277932e72,3,4560.299999999999,1520.1,Active,Electronics,Low,2025-02-10,35.57
a8e97432-c42b-4821-b675-e921332685a3,6,5912.490000000001,985.42,Active,Clothing,Medium,2025-03-03,48.04
73a0a85c-8a69-437a-85f9-98682d8d2348,6,15843.86,2640.64,Active,Books,Medium,2025-02-04,45.44
25fe62c7-f362-45b4-be8c-6e50cbada614,8,24765.620000000003,3095.7,Active,Electronics,Medium,2025-03-21,44.54
d80f87c4-e690-4495-867e-fcf11bdc6fe9,2,1838.4,919.2,Inactive,Toys & Games,Low,2025-03-21,33.59
c3f60141-41d7-4f99-8fca-31e3b5b46ce5,1,2399.15,2399.15,Inactive,Home & Kitchen,Low,2025-01-18,5.61
2cda29a0-e770-4621-8d0d-7ddf383b2ef5,6,23950.27,3991.71,Active,Toys & Games,Medium,2024-10-14,40.93
df1bec78-94aa-4e27-9293-96327f3a83e2,2,2425.65,1212.82,Active,Electronics,Low,2024-12-17,18.18
6df9e153-3343-48a7-8d56-c4b14ac4f839,7,9639.0,1377.0,Active,Toys & Games,Medium,2025-02-20,48.94
5e2f4e65-ab20-45c6-9f7b-0fdf8540032d,4,15712.95,3928.24,Active,Electronics,Low,2025-03-03,32.91
eb3fd601-2856-4cff-b965-71156a2e9fcc,6,17198.42,2866.4,Active,Clothing,Medium,2025-03-14,10.16
34f1afb7-93db-4ce7-ac07-296d112d7de5,3,5777.63,1925.88,Active,Grooming,Low,2025-02-12,43.95
60e111a1-18fa-41c0-9109-295cacc4f534,3,16275.86,5425.29,Active,Grooming,Low,2024-12-12,42.23
2185e2bd-16d6-4ad0-83b2-b62707394ed0,2,8840.37,4420.19,Inactive,Grooming,Low,2025-03-26,43.2
fef0f024-6129-47a4-b43c-5a86423071d0,5,8854.26,1770.85,Active,Toys & Games,Low,2025-03-24,32.34
cda88b18-a931-45c4-940b-733fd6a46816,7,15836.98,2262.43,Active,Grooming,Medium,2025-03-29,2.57
7bbbd918-18ef-4a1b-8ad0-81bf055f93c8,4,1733.3600000000001,433.34,Active,Toys & Games,Low,2025-02-23,8.47
a61036fe-6d91-4802-ab26-db7de85658fc,5,14843.710000000001,2968.74,Active,Clothing,Low,2025-03-06,14.54
f578061e-575b-42f9-ab53-46bdd4306e09,2,3279.26,1639.63,Inactive,Electronics,Low,2024-09-22,37.45
3066d93a-e579-446b-9b4a-7284369c6d9b,4,16522.989999999998,4130.75,Active,Clothing,Low,2024-07-19,36.44
a76fb2ca-879b-4773-9202-0a12fd5cd298,3,10836.11,3612.04,Active,Grooming,Low,2024-07-06,3.01
08c4007b-820e-4d87-8c46-8db528e2e856,4,16071.17,4017.79,Inactive,Home & Kitchen,Low,2025-03-29,27.26
4b4a5a5a-6e31-444e-8ba1-31a379d129e6,1,2647.94,2647.94,Active,Grooming,Low,2025-02-24,25.19
825c6422-ad2d-4d2d-b6af-b6098264ce60,6,29831.920000000002,4971.99,Active,Books,Medium,2025-03-15,6.84
c5261033-dae3-4e80-9a15-19b487dbd7a5,2,7424.58,3712.29,Active,Books,Low,2025-03-18,26.21
b01f8a6f-2588-452c-8082-f573ec4d41d1,5,13427.58,2685.52,Active,Books,Low,2024-07-13,1.25
be746bde-0949-450d-af23-f2d94af1de93,3,14339.74,4779.91,Active,Toys & Games,Low,2025-01-25,34.24
a498d4f7-eba2-43cb-a884-0c605ecd2579,6,18096.359999999997,3016.06,Active,Toys & Games,Medium,2025-03-02,27.83
9ff52b64-ea21-4a7b-b0d6-3d3e37b053fa,2,7756.16,3878.08,Active,Clothing,Low,2024-11-16,45.37
e0d73d77-93c5-4fd7-82fa-0f577ec48a41,10,33017.259999999995,3301.73,Active,Home & Kitchen,Medium,2025-01-21,9.29
cf62abf4-c1ff-4622-b106-917857fd9699,4,19406.730000000003,4851.68,Inactive,Home & Kitchen,Low,2024-08-31,15.83
15918d62-104e-4a17-8dc4-fb3cbf6e83ea,5,12855.670000000002,2571.13,Active,Books,Low,2025-01-18,4.13
c6167988-1e7d-442e-acdd-8fb439557167,7,30941.25,4420.18,Active,Grooming,Medium,2025-01-09,14.1
d2f1ad26-636d-40a5-a1c0-86898d4ff932,4,7761.400000000001,1940.35,Active,Electronics,Low,2025-02-08,12.23
038c59de-4eb2-4fbe-a8fe-66162261fc30,10,22113.489999999998,2211.35,Active,Electronics,Medium,2025-01-31,1.2
bd1f739b-33a0-4bd8-8ea1-e89a6e3ee61a,2,1919.6799999999998,959.84,Active,Clothing,Low,2024-06-24,12.39
5ab3220a-1e1b-4cf2-90df-6ae0b8c99ddb,5,19178.670000000002,3835.73,Inactive,Grooming,Low,2025-02-08,9.73
38180733-c0d3-46fd-9bf8-8e008d7339a0,3,10118.210000000001,3372.74,Active,Toys & Games,Low,2024-09-15,19.69
e93078f6-6811-4074-a3fa-45cd9da1e0c8,8,29609.78,3701.22,Active,Home & Kitchen,Medium,2025-03-17,33.47
75ed5c5c-5031-4e31-bb3d-721ad67c12a5,7,24042.56000000001,3434.65,Inactive,Books,Medium,2024-12-28,8.09
06dae348-48ea-4407-9f19-b50e56994a92,3,3235.91,1078.64,Active,Electronics,Low,2024-09-26,45.78
21e0b721-727a-4621-ac2c-cb92e27143e5,5,6661.209999999999,1332.24,Active,Electronics,Low,2025-02-15,24.92
ff48a72a-7c3e-4182-8e09-7828d3ece86f,5,19489.000000000004,3897.8,Active,Grooming,Low,2025-01-20,32.0
34773ab2-1583-4d9a-8e83-5b419d6f8d14,5,17434.399999999998,3486.88,Active,Home & Kitchen,Low,2025-03-04,39.88
1601c838-44a0-45af-8ed8-47a41f0c2542,3,11375.789999999999,3791.93,Inactive,Books,Low,2024-06-22,47.91
a3f3aff2-116d-4641-b6f2-338a20607316,5,23585.72,4717.14,Active,Electronics,Low,2025-02-19,35.4
57a13385-62f7-439b-9a05-69177ac14fdf,4,18733.79,4683.45,Active,Grooming,Low,2025-02-22,17.4
76557f7e-ab66-4e12-9212-bc079a0e7154,4,18962.57,4740.64,Active,Electronics,Low,2024-09-24,37.29
a1db0c3e-2ab4-465e-8e87-ca42f0327526,6,25997.199999999997,4332.87,Active,Electronics,Medium,2025-02-01,11.17
c423a078-72ea-4e00-955e-a4c676492673,5,6276.52,1255.3,Active,Electronics,Low,2024-10-02,12.29
ae2db34c-f7cc-4775-bf25-3f775635fb49,5,26891.17,5378.23,Active,Clothing,Low,2025-02-07,49.19
a2ea7061-b458-4c5c-941d-fba64d741e51,1,6129.5,6129.5,Active,Grooming,Low,2024-02-21,42.68
eac88b2f-f4cb-4784-9448-42e8a4d15e81,5,12694.759999999998,2538.95,Active,Toys & Games,Low,2024-11-07,21.62
a4a9c6e9-9ba2-4fa7-a362-7ae3e09e6c69,6,17955.27,2992.54,Active,Electronics,Medium,2024-11-29,20.74
929abb75-a74f-4e21-91ca-69ceef08fc54,4,13072.75,3268.19,Active,Books,Low,2025-03-15,31.45
92318aad-1553-4bfa-b9a3-85aa611c7d3c,3,12022.670000000002,4007.56,Active,Toys & Games,Low,2024-11-10,30.18
1e83f3df-2778-480a-a65a-0e0005efb03f,6,11073.72,1845.62,Active,Clothing,Medium,2025-02-03,45.08
8fc7b99d-7fb3-4095-8053-94a2df98a070,1,5087.9,5087.9,Active,Toys & Games,Low,2024-05-06,44.08
4b38a6fa-dab2-463b-8386-e9afbe96b480,4,10197.130000000001,2549.28,Active,Toys & Games,Low,2024-11-13,44.6
fd46b8ac-6cbe-4f1a-8f73-3c66167cea25,5,14895.070000000002,2979.01,Active,Home & Kitchen,Low,2025-03-10,7.51
604170d2-ec9b-4677-bd5f-5720aef60259,4,14084.029999999999,3521.01,Active,Clothing,Low,2024-12-23,30.47
2265f86d-8496-4a35-a89c-0861b26e54d0,3,7960.52,2653.51,Active,Grooming,Low,2024-10-15,2.72
c66c2022-205e-4e24-84de-0f5bd48f19c7,8,27347.44,3418.43,Active,Toys & Games,Medium,2025-01-29,35.29
c8aff5fd-ad53-4652-8c76-a2d6d2bfc10e,8,26480.93,3310.12,Active,Home & Kitchen,Medium,2025-02-03,12.49
1676a522-7740-4e2f-8c1d-bdcfa7e658ed,5,20698.68,4139.74,Active,Clothing,Low,2025-03-29,22.77
4e29dce8-d1fa-4640-a5de-d31f3c8565d9,4,16424.67,4106.17,Active,Home & Kitchen,Low,2024-11-28,45.24
80588feb-19c0-4c30-bf92-c6905e7ac59d,5,9592.16,1918.43,Active,Books,Low,2025-01-24,18.13
31382ff9-aab0-4ebc-9a7c-c0a26ecaa7ab,7,17021.07,2431.58,Active,Toys & Games,Medium,2025-03-17,3.95
9d247cdb-764d-4b51-9620-1abe988a311e,4,6775.119999999999,1693.78,Active,Electronics,Low,2025-03-08,35.64
7b45f8ea-d8ba-4fec-ae7a-6f4a3b50a9f8,3,17113.06,5704.35,Active,Toys & Games,Low,2024-10-29,20.67
7cb63610-1c24-4287-8c18-7348a827e244,5,23419.65,4683.93,Inactive,Clothing,Low,2025-03-11,45.37
58312c1e-71b8-45f8-8310-c046d0379590,7,21701.81,3100.26,Active,Toys & Games,Medium,2025-02-15,7.58
7c9c1ec6-398e-4ba1-ab71-216c845e95ee,6,21575.79,3595.96,Active,Books,Medium,2025-03-08,3.1
5ee5ccc6-1d53-4d42-a2d7-8800cfa09f41,8,13658.84,1707.36,Active,Electronics,Medium,2025-03-06,20.32
d14b71d0-bbb9-4a15-a112-45b0f5ca66a1,5,14793.68,2958.74,Active,Clothing,Low,2025-03-16,25.52
7ef46a22-654e-4eaf-9131-07d59a037090,10,29002.049999999996,2900.2,Active,Electronics,Medium,2025-03-11,31.47
7bc01153-3fb6-4449-95c5-6a65d8cd8ffd,5,12757.03,2551.41,Active,Home & Kitchen,Low,2025-03-20,18.15
413d508d-80b8-4da9-ac66-d194a1908285,8,14638.37,1829.8,Active,Toys & Games,Medium,2024-12-22,11.71
5531c813-ce0b-463c-be07-22a5c4879428,5,13934.169999999998,2786.83,Active,Books,Low,2025-02-11,41.29
41aa2d94-869a-4336-8bca-8b0b7542cd54,8,20672.510000000002,2584.06,Active,Electronics,Medium,2024-12-14,1.35
b30cd562-d2e6-4215-b8c2-60afab8e3c07,3,6260.0199999999995,2086.67,Active,Books,Low,2025-01-26,34.51
75e29503-4a28-4bd7-8836-32a09005cdd9,7,29602.979999999996,4229.0,Inactive,Grooming,Medium,2025-02-27,1.94
31d14338-846a-4816-aa2c-cde1efe2190a,3,3611.6400000000003,1203.88,Active,Books,Low,2025-02-18,37.92
b8fd5088-a67c-4be7-b3ad-8efd5725d1e1,3,16659.16,5553.05,Active,Home & Kitchen,Low,2024-12-02,19.42
c651d712-c051-4043-ba74-9d0e7f89bb23,5,25443.710000000003,5088.74,Active,Home & Kitchen,Low,2025-03-14,14.75
b274c99c-cf91-4a26-9451-3d0190b1a15f,3,15339.9,5113.3,Active,Books,Low,2024-12-03,41.45
18f07f07-4184-4f1d-a94e-a832b388f155,2,11934.45,5967.22,Active,Toys & Games,Low,2025-03-26,6.31
e319f040-9be9-4ce2-b9da-e20fb20cbecd,10,39391.3,3939.13,Active,Grooming,Medium,2024-12-26,27.3
7f86f147-9a33-41f4-9079-8379827029c7,1,1267.39,1267.39,Inactive,Books,Low,2024-04-07,27.27
b2e7d648-6b6a-4741-a054-f57859a0a2a2,2,1446.03,723.02,Inactive,Clothing,Low,2024-10-30,8.48
5b41f66d-f697-4781-87ac-a66e22a36245,3,15344.550000000001,5114.85,Active,Grooming,Low,2025-03-20,33.57
867c7c72-ac65-4c0b-8bdd-ab489ed619a3,6,15059.57,2509.93,Active,Electronics,Medium,2024-12-22,8.96
9cfe0496-afe4-4492-9b61-151a6e8966aa,3,12570.86,4190.29,Active,Home & Kitchen,Low,2025-01-12,10.88
4a357281-4525-4fbe-ae51-999d36760c59,4,14003.289999999999,3500.82,Inactive,Grooming,Low,2024-12-27,5.34
a1382f60-e3f5-43ce-8ec3-dfb7303eba18,3,9349.25,3116.42,Active,Clothing,Low,2025-01-02,6.97
69ca8294-01ca-4813-8c02-aaa85ee4f712,9,27586.260000000002,3065.14,Active,Electronics,Medium,2025-03-29,4.09
49f91206-96ff-49ef-9447-84d1e9111f66,5,10704.07,2140.81,Active,Clothing,Low,2025-03-15,38.19
88008cb9-6cdf-4e8a-9c63-4bb8f4bdc781,2,2581.0,1290.5,Active,Electronics,Low,2024-11-04,3.36
549bd8a3-4a38-48e4-a096-53efab60d5ae,2,10184.25,5092.12,Inactive,Grooming,Low,2024-12-09,44.96
6252713a-4872-4c88-b72d-c642417dc4e0,4,13912.3,3478.08,Active,Clothing,Low,2025-01-06,20.81
e089aaac-dde4-4903-b0e5-7d5886aadf97,9,29945.72,3327.3,Active,Electronics,Medium,2025-03-02,24.72
78ace804-054c-4d1c-af78-dcaa3aebd3e4,4,6400.639999999999,1600.16,Active,Home & Kitchen,Low,2025-02-23,20.85
db3448dd-ddec-4c6b-9a32-65c1df7194c4,6,11376.61,1896.1,Active,Home & Kitchen,Medium,2025-03-28,21.32
cb3edc5f-ef0a-40b3-886f-5446f83b0d1f,2,10533.150000000001,5266.58,Active,Home & Kitchen,Low,2025-01-04,47.83
9d537090-67f1-4db9-916f-b7578ee03f89,9,26075.6,2897.29,Active,Books,Medium,2025-01-17,43.98
492dce40-5a49-463a-9465-e972d2326794,5,18334.530000000002,3666.91,Active,Toys & Games,Low,2024-11-25,42.72
645eb33a-d67c-43b7-816f-7ed02c8eaa43,5,18641.57,3728.31,Active,Electronics,Low,2025-03-08,39.13
537f4269-4b94-4e5f-80fb-90f4b894d487,6,8148.08,1358.01,Active,Electronics,Medium,2025-03-09,20.85
63021e25-79d2-4f50-9999-2d1bf86758fe,5,15229.589999999998,3045.92,Active,Toys & Games,Low,2024-12-31,43.63
75b775fd-a869-48f1-b866-b6bb7ea9874a,6,13175.45,2195.91,Active,Electronics,Medium,2025-02-26,8.88
6aecdf65-fa28-43c3-8598-260f8a611f9a,8,39574.600000000006,4946.83,Active,Electronics,Medium,2025-03-30,36.48
d4a76b8e-b601-44cc-a91e-84dedd3e676b,4,10159.539999999999,2539.88,Active,Books,Low,2025-02-25,40.12
3b74c848-0e87-43f7-aff9-fa0513cc2a1d,6,15708.070000000002,2618.01,Inactive,Home & Kitchen,Medium,2025-03-17,9.59
d4087c04-cdfe-4a23-98eb-db891c9278bd,3,11673.65,3891.22,Active,Toys & Games,Low,2024-06-07,31.82
9b05314a-62a1-4da1-b20d-9b2aa8ec0441,4,8146.0199999999995,2036.5,Active,Books,Low,2025-02-09,34.28
dd5e2ecf-1af9-497e-ad89-00156bd26eaa,5,11549.780000000002,2309.96,Active,Grooming,Low,2024-06-28,15.91
465a4a68-238a-4665-b263-0120e7de5bc7,6,17912.16,2985.36,Active,Home & Kitchen,Medium,2025-03-25,46.57
ae3fe656-38ed-41bf-9cb1-ba851b9066ce,4,18536.420000000002,4634.11,Active,Books,Low,2025-02-18,30.1
26f91a95-fea0-4e10-bd65-d63e588b71c2,2,4259.09,2129.54,Active,Grooming,Low,2025-03-25,6.72
0a22f791-045e-42cd-9135-0135cd5b91ee,2,6202.49,3101.24,Inactive,Grooming,Low,2025-03-01,28.33
9de2ec7a-a54e-4044-a11d-51248ca29d3a,7,17868.23,2552.6,Active,Toys & Games,Medium,2025-03-15,20.91
6c795f4c-2397-409f-8a21-cfc8e38838c2,5,25353.14,5070.63,Active,Books,Low,2024-11-07,19.11
1e6a1cab-f27e-4782-96a4-cd2192c14ce8,6,26074.260000000002,4345.71,Active,Clothing,Medium,2025-03-02,25.16
2f3d596d-ef1a-432b-a636-187d0d822741,5,21195.21,4239.04,Active,Electronics,Low,2024-12-07,24.32
5f99e24c-9422-43ca-9a9a-8677e06fa710,2,5907.5,2953.75,Active,Clothing,Low,2025-03-16,17.33
4fefdd32-e518-4969-b920-4a05e385c515,1,998.2,998.2,Inactive,Grooming,Low,2024-03-20,47.21
51651668-de0c-4a76-8d2a-29798c372f91,7,20723.24,2960.46,Active,Books,Medium,2025-02-26,45.37
f65689ca-d399-43e3-9bc5-d549d44fc7eb,4,8294.470000000001,2073.62,Active,Clothing,Low,2024-10-22,19.47
d1e52777-44ab-442b-872e-bbd2a92b6129,2,791.52,395.76,Active,Home & Kitchen,Low,2024-12-20,28.14
01f9d74f-9289-4d3c-b3df-04bdd4f9abda,5,14592.710000000001,2918.54,Active,Electronics,Low,2024-07-21,22.13
139a0519-2d2e-4591-802a-81473e5cb976,1,110.8,110.8,Inactive,Electronics,Low,2024-10-10,45.0
fdfd34b8-4fe7-44fe-91cf-b0c9ae0db7b6,5,14586.49,2917.3,Active,Books,Low,2024-07-07,36.76
8d2c2815-4a4b-4b42-818c-59df3d820652,1,1715.27,1715.27,Active,Grooming,Low,2024-07-13,18.28
31956f02-9252-4612-b55c-c0b28f6fe0e8,5,12406.9,2481.38,Active,Electronics,Low,2025-02-05,24.69
9a1d07e0-7331-4465-8319-49de2a9e656a,4,11663.57,2915.89,Active,Grooming,Low,2024-08-09,3.12
aa82bece-9dc1-4804-8c18-823f8b18855b,1,1132.68,1132.68,Inactive,Home & Kitchen,Low,2024-08-28,43.67
d5465281-1447-40d9-a15e-ba243ccf9365,6,20337.5,3389.58,Active,Home & Kitchen,Medium,2025-02-19,11.73
59266a33-e9f2-4967-8997-34aa5cda9005,4,11855.13,2963.78,Active,Home & Kitchen,Low,2025-02-22,6.86
588ba41b-e7ef-40c1-9701-61414d9766f5,3,2420.62,806.87,Active,Electronics,Low,2024-11-14,31.56
08525068-0a48-4b3d-8c0c-aaeab00a39f6,3,7319.650000000001,2439.88,Inactive,Books,Low,2025-02-18,33.19
6fc7de36-6332-4ace-ad51-e026eeb1e017,4,12909.05,3227.26,Active,Clothing,Low,2024-09-30,3.22
a3bc6493-cc9a-43e5-aaa8-12d18d2baf74,4,7645.53,1911.38,Active,Grooming,Low,2025-01-15,27.2
583ac173-c51e-4ef6-a0fa-825b53e5bee8,2,1784.46,892.23,Active,Electronics,Low,2025-01-30,29.76
4b69c0b5-e01d-46b3-820e-dcd6fcd4a4ea,3,3581.5,1193.83,Active,Electronics,Low,2024-10-27,12.62
abd9cd99-3d42-4e2d-a249-1dcde30f9631,1,1180.44,1180.44,Inactive,Toys & Games,Low,2024-09-15,41.93
7da7f0bb-5176-47b5-a8a0-a213865cd5d7,5,23287.17,4657.43,Active,Toys & Games,Low,2025-03-06,13.58
c40cf326-9ef6-4b69-9623-aa8b71436667,2,6064.5,3032.25,Active,Clothing,Low,2024-09-26,42.05
84e3159c-224e-4c39-885f-c411934aed96,6,21626.89,3604.48,Active,Toys & Games,Medium,2025-01-23,1.69
30668a26-dcfc-4918-b898-d7f5d00012eb,10,23869.91,2386.99,Active,Home & Kitchen,Medium,2025-01-25,34.18
adda6f0c-f83a-4d84-9ac7-e07379df0cfd,10,38391.72,3839.17,Active,Books,Medium,2025-03-24,39.11
4de10932-b24d-4ce3-9224-4ae31698b43d,4,11067.01,2766.75,Active,Books,Low,2025-01-31,25.71
3dad58e6-969a-4278-b12a-3affb5b65c6f,9,21745.850000000002,2416.21,Active,Electronics,Medium,2025-03-09,44.32
56ef6734-a1ca-4a4e-a35c-aaf8fa7b2743,7,10494.22,1499.17,Active,Clothing,Medium,2025-03-21,15.65
5fa55450-c966-4847-bdb4-b1486faff78e,5,7841.089999999999,1568.22,Active,Grooming,Low,2025-02-04,48.94
0a1a7825-ee00-437a-9045-b332a70a9ab7,8,14419.14,1802.39,Active,Electronics,Medium,2025-03-23,46.35
29e5f12d-99ad-4432-a9e3-2b233ccc9d7e,6,17414.55,2902.42,Active,Home & Kitchen,Medium,2025-02-22,5.5
1c8779c8-0322-4cbf-a44c-6861a78fad19,5,20618.82,4123.76,Active,Electronics,Low,2025-03-30,8.05
79ee9e1e-7ad4-44dc-99e3-7391534f6384,3,12532.67,4177.56,Inactive,Clothing,Low,2024-12-08,4.45
46a8c15d-75f1-46f8-92e7-ad5d8ba673c2,8,35534.83,4441.85,Active,Toys & Games,Medium,2024-12-14,25.6
e61bb0a8-1daf-4221-a9a7-099d4da7fb3a,4,15773.66,3943.42,Inactive,Electronics,Low,2025-01-19,6.36
e61b1ece-87ee-416f-aa33-946ba14c6468,6,26012.62,4335.44,Inactive,Home & Kitchen,Medium,2024-12-27,33.8
3e500c09-472e-4a11-a5fb-7231a62dbb3a,4,8729.43,2182.36,Active,Clothing,Low,2024-12-03,33.93
b53a9d9a-e693-4c4b-b620-c4dd0651ecd4,4,13799.76,3449.94,Active,Clothing,Low,2024-12-06,44.63
ae22e12f-bf74-4d9d-acc8-f1b33f6ec1c1,7,21672.5,3096.07,Active,Home & Kitchen,Medium,2025-01-15,28.89
07eb0867-307c-4da7-9b24-a350641b3649,7,23898.260000000002,3414.04,Active,Clothing,Medium,2025-03-25,48.59
b3769d7c-a955-474c-96a5-4204f4963e2a,5,16156.01,3231.2,Inactive,Clothing,Low,2025-02-18,44.0
525be174-256f-4a08-abc1-81fe8eab8023,5,12698.85,2539.77,Active,Grooming,Low,2025-01-08,32.07
e6a0434b-84bf-45de-bc5e-4c5e34b449a9,8,20504.14,2563.02,Inactive,Home & Kitchen,Medium,2025-02-23,28.75
637a0c2d-85d3-43bc-af1f-dae6a60d32a3,5,20199.670000000002,4039.93,Active,Toys & Games,Low,2025-03-30,39.47
c3ecb09e-8e8e-4146-87df-79946bd56aef,4,17055.39,4263.85,Inactive,Books,Low,2025-03-10,11.68
29aa2fb7-dd9d-42c3-a79b-a6373d34699d,1,6922.6,6922.6,Inactive,Grooming,Low,2024-04-25,8.6
44641774-e95c-4d2b-b285-625da7d712f0,4,8230.85,2057.71,Inactive,Home & Kitchen,Low,2025-03-09,15.36
d89c8cc8-998b-4cc0-9806-21dad8db0bc5,7,39089.03,5584.15,Active,Home & Kitchen,Medium,2025-02-01,32.76
15f35ec0-55db-4171-a6d3-60e38533a404,4,9095.260000000002,2273.82,Active,Home & Kitchen,Low,2025-03-26,12.33
45591989-2d51-4607-85ae-b9ab1b0468f0,3,5094.93,1698.31,Active,Home & Kitchen,Low,2024-11-23,18.97
6230351a-8771-47cb-a427-baef55481451,6,17624.25,2937.38,Active,Home & Kitchen,Medium,2025-03-05,45.3
6f0d446c-a203-4f2c-8481-ad750dfbfd51,6,9411.82,1568.64,Active,Toys & Games,Medium,2025-03-02,10.49
6835a6ad-61fe-44d8-acb2-8edd2e070ccc,4,11408.62,2852.16,Active,Grooming,Low,2025-01-26,15.66
ea15492e-0dcc-4c1b-8817-d8263ff50c5c,5,21634.7,4326.94,Active,Books,Low,2024-10-30,40.0
81273b7d-86fe-411d-86b0-32092c6fca17,6,22109.22,3684.87,Active,Electronics,Medium,2025-02-14,22.72
317ff0f2-01c0-41d5-859c-245e7a9317d0,3,9613.89,3204.63,Inactive,Electronics,Low,2025-01-16,18.51
0dde95ae-4628-4dff-8b73-f18aa9ea552c,4,11188.31,2797.08,Inactive,Books,Low,2025-01-07,26.11
7329e35f-f4ad-48df-b573-623ee1d62139,5,17710.670000000002,3542.13,Active,Electronics,Low,2025-02-09,35.12
6966bd83-aeee-489e-baed-01642c1e5b3a,9,27266.68,3029.63,Active,Grooming,Medium,2025-02-07,40.96
6ebd3176-8d84-4131-9a0c-5919f4b10b66,5,18836.01,3767.2,Active,Home & Kitchen,Low,2024-10-22,18.17
73386243-f5a4-434e-9826-a5b3ffc91b1f,3,8105.76,2701.92,Active,Books,Low,2024-07-24,16.83
a0c3640b-8236-4fff-8eac-80f7693a9ad8,7,21673.940000000002,3096.28,Active,Home & Kitchen,Medium,2025-03-26,26.21
328bb4d6-81b7-478e-af9f-847b21da5faa,6,16620.95,2770.16,Active,Books,Medium,2025-03-09,24.25
6d990632-cdd7-44d9-b29d-521164096ec4,5,14472.100000000002,2894.42,Active,Clothing,Low,2025-01-27,9.6
e058f8d2-e21b-4f36-aad6-deda854a9b6e,1,1694.97,1694.97,Inactive,Home & Kitchen,Low,2025-01-12,5.59
7a2a98fe-c2d5-4d11-85da-7d4c515b6215,8,38135.44,4766.93,Active,Grooming,Medium,2025-03-21,16.65
08d854b7-b774-4a89-806e-0288682b0ba9,5,6342.879999999999,1268.58,Active,Toys & Games,Low,2024-10-05,20.51
fe708499-9a0e-451a-a659-52e3222f37c1,7,16765.28,2395.04,Active,Grooming,Medium,2025-03-22,15.85
0c6470a1-6653-4671-a843-be2733c8f11a,3,5618.61,1872.87,Active,Toys & Games,Low,2025-03-21,40.91
fa1530e0-2930-4273-bfa4-6e65a6186e43,7,35222.19,5031.74,Active,Grooming,Medium,2024-11-24,25.82
cacc7368-b968-4546-9db0-79c430f6b1fe,4,9032.18,2258.04,Active,Books,Low,2025-03-10,21.02
65a09327-8fe7-4376-8a36-565c3585458e,4,14577.51,3644.38,Inactive,Clothing,Low,2024-11-30,17.83
16629c5c-4f65-44ed-adf5-87fca5287126,5,11749.45,2349.89,Active,Electronics,Low,2025-03-25,36.61
5b019996-8aaa-41a9-9ccd-8da041a7325b,1,3616.92,3616.92,Inactive,Grooming,Low,2024-05-20,31.45
b72e9d76-e2a1-45f2-a1b8-bfff0b7c8ec9,4,12984.220000000001,3246.06,Active,Toys & Games,Low,2024-12-05,8.36
bd052d90-8d8b-448e-9edc-34fb6ac5cbeb,3,9441.92,3147.31,Active,Toys & Games,Low,2025-01-28,8.15
b27c0b34-287b-4b32-8335-43544686a49d,6,16221.650000000001,2703.61,Active,Toys & Games,Medium,2025-03-02,27.09
7a149086-2ae0-417d-9430-62cdd3d83c38,7,26785.19,3826.46,Active,Books,Medium,2024-11-22,47.8
748c7bc1-1977-4cba-a593-8e48f53f02cd,4,16226.970000000001,4056.74,Active,Clothing,Low,2025-03-14,16.44
1514ae0c-a2b5-4bc0-9234-9b341bbdda1c,7,20532.06,2933.15,Inactive,Toys & Games,Medium,2025-01-02,10.77
5d67bd8a-8394-4d8a-89fc-dc207d41c5f7,6,21936.04,3656.01,Inactive,Home & Kitchen,Medium,2025-03-02,12.8
ca05f077-0579-4573-871f-9007deffb89c,3,10193.189999999999,3397.73,Active,Home & Kitchen,Low,2025-02-27,36.72
ce99943e-2c9b-4d45-b0aa-f60be06b3562,6,17727.18,2954.53,Active,Clothing,Medium,2024-08-14,29.77
54789c40-39eb-43be-9228-6aa7b6dfd228,3,3307.8,1102.6,Active,Electronics,Low,2025-03-13,19.31
ee8255bd-fea9-4bab-b61d-b99b99260c0c,6,23156.039999999997,3859.34,Active,Books,Medium,2024-12-27,24.48
d2da2fc0-60b3-46ce-b67c-dae223054705,5,13190.98,2638.2,Inactive,Electronics,Low,2024-10-06,13.77
7a2be126-c3ce-4e05-a1e1-87f12f9919f4,5,15641.319999999998,3128.26,Active,Toys & Games,Low,2025-03-13,25.72
dc1674d7-8e23-4f8f-a982-80de328de9a5,4,6264.449999999999,1566.11,Active,Grooming,Low,2024-12-28,32.2
246670b7-1287-467b-abad-929c03061212,2,4080.62,2040.31,Active,Clothing,Low,2025-02-12,28.88
825512d5-01f9-47fc-b322-08d234db06fc,3,3943.0299999999997,1314.34,Active,Grooming,Low,2025-03-04,41.39
48af39d5-728b-4c69-aff5-dd04b4ef09f2,5,9908.550000000001,1981.71,Inactive,Books,Low,2025-02-13,14.3
871fd617-2481-47af-9686-646826012dc4,2,1943.6200000000001,971.81,Active,Clothing,Low,2025-01-29,1.66
45962c47-50eb-45f7-a02d-6955243bf0a9,10,31395.890000000003,3139.59,Active,Books,Medium,2025-03-12,45.35
10dd74af-1610-46df-ab20-e6cbd3ff8446,7,19524.75,2789.25,Active,Books,Medium,2024-10-07,2.26
728b53bc-b9e4-4664-857b-7e1fcd671ce5,1,3528.62,3528.62,Active,Home & Kitchen,Low,2025-03-22,28.0
d77c8617-15df-49b1-b3f3-46d46108e085,4,9412.279999999999,2353.07,Inactive,Books,Low,2024-11-09,11.04
3adc0304-7c76-481a-89e6-9894a869e0b1,11,33629.45999999999,3057.22,Active,Home & Kitchen,Medium,2025-01-23,14.92
dd95bd28-f9a2-44a9-8103-e0c0797c887e,4,9315.39,2328.85,Active,Toys & Games,Low,2024-10-24,45.42
d4532af6-18ce-4160-9d52-19036190257f,3,9399.58,3133.19,Active,Home & Kitchen,Low,2024-09-10,14.82
996eee29-8f4c-44fa-bc4d-e878df5c9a06,7,27443.239999999998,3920.46,Active,Toys & Games,Medium,2025-02-10,7.89
33200f64-1c3f-4344-8e1a-edd9d0cd522e,7,11503.029999999999,1643.29,Active,Electronics,Medium,2025-01-28,1.35
15928958-7532-4f14-a1dc-1cb64cbb1dec,8,15541.279999999999,1942.66,Active,Toys & Games,Medium,2024-10-05,11.28
68d01b09-889d-4aa6-aef8-15ea49a69e27,2,3256.7,1628.35,Active,Grooming,Low,2024-12-12,30.93
3eb43c5a-520a-46dc-9032-1ca85328897d,1,2084.75,2084.75,Inactive,Electronics,Low,2024-01-26,45.91
6f5832bf-6981-4936-a688-47ca81e11eca,5,8169.22,1633.84,Active,Electronics,Low,2025-02-24,26.06
e7d4d65e-8110-47a8-b03b-4be6a241082a,3,8586.22,2862.07,Active,Toys & Games,Low,2025-02-15,19.01
7713bd86-af8e-4f88-8c73-95850a74debd,5,18648.27,3729.65,Active,Books,Low,2025-03-28,13.13
2e59f5e9-5d30-42d1-85d7-a09284f87b34,3,5228.18,1742.73,Active,Books,Low,2024-06-07,16.91
a60a941c-e727-4047-8d01-247ad5ab4c93,1,4180.92,4180.92,Inactive,Electronics,Low,2024-12-09,33.12
5c29a8f3-475d-450e-8f06-8eeb252d3a40,6,15046.47,2507.74,Active,Grooming,Medium,2024-12-27,17.12
e62257c0-0144-42ad-8068-90395fb765a5,1,2747.4,2747.4,Inactive,Clothing,Low,2025-02-20,40.82
1ce1458b-9f86-42e8-9828-6e0a91d1677e,7,20766.1,2966.59,Active,Electronics,Medium,2025-03-16,23.28
7783bc65-b89a-4289-9f98-3a54d48d9be3,5,12411.640000000001,2482.33,Active,Toys & Games,Low,2025-03-15,9.65
37c417ad-6c0c-4ba7-96c6-806abf0a8b03,5,20117.02,4023.4,Active,Clothing,Low,2025-03-06,12.61
2b5d48b0-45ae-46b0-a3ed-67728f040918,3,7110.43,2370.14,Inactive,Home & Kitchen,Low,2024-09-30,3.66
c009f8f0-9aa4-4052-979b-453b0841ed8a,5,11594.65,2318.93,Active,Home & Kitchen,Low,2024-10-21,31.54
8389f7d2-846c-4b3a-b7c1-d4a12de18cd7,9,33306.82,3700.76,Inactive,Books,Medium,2025-03-21,30.67
bafc861a-aa26-4c77-88b9-2aaaedcafbf3,3,12309.590000000002,4103.2,Active,Electronics,Low,2025-01-27,43.25
4c6c2a53-c73d-4567-83d5-db0d342acb6c,4,8129.9800000000005,2032.5,Active,Toys & Games,Low,2024-06-04,6.59
e7fca1b7-8756-46c8-a912-205387b72be4,9,28331.670000000002,3147.96,Active,Electronics,Medium,2025-02-10,11.12
d6fc217d-acbb-4642-b142-4b9016bb5e45,9,27504.6,3056.07,Active,Home & Kitchen,Medium,2025-03-05,17.0
edca5d43-5e0c-484e-894d-4bcd24666f27,4,15176.29,3794.07,Active,Books,Low,2024-10-20,5.42
3232f1cf-e243-40c9-a3f9-5a7a7514b528,6,15673.460000000003,2612.24,Active,Toys & Games,Medium,2025-03-03,47.79
04882464-721e-4882-add5-60b6500b5c15,3,18097.379999999997,6032.46,Inactive,Books,Low,2025-01-30,34.0
e99367b9-0e2f-4d90-86c9-156351efd9ef,2,8161.369999999999,4080.68,Inactive,Home & Kitchen,Low,2025-01-23,28.34
79b2c666-f764-4113-b94a-c63e2906c9db,6,10462.369999999999,1743.73,Active,Home & Kitchen,Medium,2024-12-23,30.47
2db2ac6a-b131-4e05-8dbc-2a57cce971f6,8,21361.28,2670.16,Inactive,Home & Kitchen,Medium,2025-02-02,27.09
b9bc3858-4c2e-4c3a-b03d-0d844c60d15b,7,18750.97,2678.71,Active,Electronics,Medium,2025-02-21,11.6
92c5c52b-6226-42f8-90e3-603c7cbb0ffa,2,8172.96,4086.48,Active,Clothing,Low,2024-05-24,37.17
8d0cfec1-89c9-4c6b-a908-79408ef3cd46,6,24704.8,4117.47,Inactive,Home & Kitchen,Medium,2024-07-28,14.63
d8253650-768b-4ac3-bd51-84aede01ca16,6,18667.05,3111.18,Inactive,Grooming,Medium,2025-03-07,25.68
9daa99cb-de28-4ee5-af8a-f72587610d37,5,23685.469999999998,4737.09,Active,Home & Kitchen,Low,2025-02-22,48.05
1e6864b5-0536-4807-9a30-a65a30d491af,2,2003.92,1001.96,Inactive,Grooming,Low,2025-02-27,10.98
f905489e-781b-4f1d-b068-325a8cd84b3d,9,40402.61,4489.18,Active,Toys & Games,Medium,2025-03-26,37.7
c4a1ddbb-042a-48ef-8b75-c631fc2cffe8,4,4241.22,1060.3,Inactive,Grooming,Low,2025-02-12,37.3
949d0c45-2767-4e3e-bbe1-14b8e1b2ee46,4,12348.029999999999,3087.01,Active,Electronics,Low,2025-03-04,42.42
3100914e-06c4-44aa-ab25-bfe2b326ae5e,3,8426.61,2808.87,Active,Home & Kitchen,Low,2025-03-19,12.56
fb012126-fe81-4e3c-9793-a855288e7966,9,24087.850000000002,2676.43,Active,Clothing,Medium,2025-01-29,18.7
c23b2366-938c-4e09-8eb3-f5325074061d,2,5224.88,2612.44,Inactive,Books,Low,2024-09-24,32.24
f56e553d-2871-4c36-9ea1-22f9984861c1,4,6797.29,1699.32,Active,Grooming,Low,2024-12-01,36.43
4b583be5-de9e-46f3-8465-8825ed718c01,3,4550.79,1516.93,Active,Electronics,Low,2024-09-16,11.03
610a0cbc-95d2-41b7-8f1d-d2a0886f3ff1,3,13877.77,4625.92,Inactive,Books,Low,2024-11-06,21.06
e4929da6-f549-4db5-9921-4571a3a618e0,6,15935.420000000002,2655.9,Active,Toys & Games,Medium,2025-01-01,13.13
01291205-14bb-42f7-91d7-7ada23d0f035,6,12319.33,2053.22,Active,Home & Kitchen,Medium,2025-01-23,5.11
fbe42bcc-c1f8-45f7-8d93-aa67539d6b76,3,10962.539999999999,3654.18,Active,Grooming,Low,2024-12-11,38.73
332ba580-7c8e-4e51-9c06-22dc6c04b78b,3,12113.34,4037.78,Active,Grooming,Low,2025-01-04,25.47
ba32b05d-a45d-48e9-b23c-3b84c400db40,2,3152.85,1576.42,Active,Books,Low,2024-08-03,19.18
4c66a9a4-906f-47fc-8d8b-1b7dc370b825,5,21877.68,4375.54,Active,Clothing,Low,2024-11-20,33.41
31bc098e-24a7-488b-9370-c77a0c771d99,5,30369.39,6073.88,Active,Toys & Games,Low,2025-03-15,37.6
a36f0386-d133-4439-af4e-6deb46417d61,4,12512.349999999999,3128.09,Active,Toys & Games,Low,2024-12-07,19.4
74c0c676-e513-447c-ac29-7a4c3ea81d0a,5,16223.199999999999,3244.64,Active,Grooming,Low,2025-01-30,6.01
b771f34b-76c7-4d9e-b80d-353f540ad27e,5,24096.010000000002,4819.2,Inactive,Grooming,Low,2025-03-11,33.7
450a5574-76a9-49ea-b2a0-356256bb6b4f,6,10180.29,1696.72,Active,Toys & Games,Medium,2025-03-23,36.72
8769f452-1de4-4cf3-a4f5-d4a3f73b5cfb,8,17970.79,2246.35,Active,Toys & Games,Medium,2025-03-23,32.74
76f56f2b-30e9-43ee-9e98-59cd07532ed8,1,163.59,163.59,Inactive,Toys & Games,Low,2024-08-29,2.48
5f6e2327-7a92-41f0-8c77-f83b28667417,5,23183.9,4636.78,Active,Grooming,Low,2024-12-28,33.83
16926dde-7cc3-4609-8898-03d55849058f,6,23295.12,3882.52,Inactive,Electronics,Medium,2024-12-21,31.57
4a0abccd-db06-4754-816e-94b6d2806f79,7,17643.35,2520.48,Active,Toys & Games,Medium,2025-03-26,17.73
3d18685e-86f6-4b25-8091-e205edf83a20,3,12143.32,4047.77,Active,Books,Low,2024-09-06,20.14
980f6a03-fa93-4032-8966-e6f8f2e509a9,5,12750.480000000001,2550.1,Active,Books,Low,2024-08-06,1.25
720c7ab7-0bfb-4474-b086-c1acbe8e04d3,6,21641.71,3606.95,Active,Home & Kitchen,Medium,2025-03-01,19.62
47cd696a-2a98-4b03-91ec-7a5dee055173,6,18677.059999999998,3112.84,Active,Toys & Games,Medium,2025-02-12,14.85
e94b41a0-25b5-415e-b22c-625a370730d2,5,15483.26,3096.65,Active,Books,Low,2025-03-23,36.56
8f51a1b0-3071-47fc-80e8-e43b99384fe2,4,12808.08,3202.02,Active,Electronics,Low,2025-02-03,9.49
5acba7c0-882d-4c32-aa8a-1525d41a51ae,5,15370.55,3074.11,Inactive,Toys & Games,Low,2024-07-30,35.0
9562ca8b-d6ad-47e9-875f-3ca26de40e62,6,18364.75,3060.79,Active,Home & Kitchen,Medium,2025-03-27,33.72
29c9b12d-9272-4ca5-bd91-8c0f69f6b0d8,3,6487.46,2162.49,Inactive,Toys & Games,Low,2025-03-10,23.01
c3cf1b59-2349-4b3e-a2b8-2622de14b598,7,23005.99,3286.57,Active,Electronics,Medium,2024-12-10,31.54
e28d5f93-54f9-4166-8804-a241b267e1f6,2,6206.81,3103.4,Inactive,Toys & Games,Low,2025-01-22,4.17
6d4987b3-a603-4b77-83f6-3def3a217ce1,8,25313.449999999997,3164.18,Active,Grooming,Medium,2025-01-01,6.15
6644064b-19fe-4d11-8413-14f3d4008ec1,5,7513.889999999999,1502.78,Active,Grooming,Low,2024-10-16,28.7
edaa91ee-43ea-4c0c-9f7a-55a68fed1e32,3,7755.73,2585.24,Active,Grooming,Low,2024-12-06,39.4
ec23dcb0-788c-4a4d-98fb-e284630d14be,4,12033.220000000001,3008.3,Active,Toys & Games,Low,2025-03-29,21.52
9a64ff3f-15a1-4b8f-85c3-751f97a88ae4,7,18237.52,2605.36,Active,Grooming,Medium,2025-02-03,43.17
de8700af-5e53-4abd-9d11-c2ed6b7baf89,5,14120.43,2824.09,Active,Clothing,Low,2024-10-30,26.34
8c727116-14a0-4a03-939d-30d16b5ac49a,5,14751.619999999999,2950.32,Active,Home & Kitchen,Low,2025-02-18,41.88
643faa18-70ff-4a41-9c57-ee9bc4281e13,6,17415.98,2902.66,Inactive,Home & Kitchen,Medium,2025-03-16,9.08
bec9c786-3a95-41c0-83c8-6b80341ae669,5,18127.309999999998,3625.46,Active,Clothing,Low,2024-12-07,44.85
0dbabf2b-4934-45c7-8138-ed23680c2e22,4,13135.060000000001,3283.77,Inactive,Grooming,Low,2025-03-12,0.22
8de22e1d-7fff-4e39-ba4c-c3bbf3390cf9,8,21289.03,2661.13,Active,Clothing,Medium,2025-03-25,10.42
995752ff-218d-4568-98d1-c1b64640b19f,5,15493.85,3098.77,Active,Toys & Games,Low,2025-02-07,3.23
c7104ac3-e468-4dfa-8da8-b6f5d9e6df6d,7,24068.64,3438.38,Active,Toys & Games,Medium,2024-10-22,6.31
f2980781-2ae5-4e24-b78f-f2762fc89e2c,8,13752.839999999998,1719.1,Active,Electronics,Medium,2025-03-10,1.86
0cad01ef-4388-4184-b923-cefd32e86405,5,9848.019999999999,1969.6,Active,Home & Kitchen,Low,2024-10-09,24.04
a5cbe8d4-d824-487c-81b9-de9a604e1d73,5,18117.04,3623.41,Inactive,Toys & Games,Low,2025-02-19,41.48
91713330-5af2-48b4-8aff-e6303c244702,1,2979.7,2979.7,Inactive,Books,Low,2024-11-04,15.97
5e9748aa-4ea5-47a7-8139-c53811b0ebb4,3,7131.549999999999,2377.18,Active,Clothing,Low,2025-02-20,9.84
00ccd7fa-f5f3-44c9-92ff-606422733cec,3,11996.52,3998.84,Active,Grooming,Low,2025-02-26,27.56
a9b92e74-5fd9-4b57-bae1-8256258a152c,4,18479.95,4619.99,Active,Toys & Games,Low,2025-03-26,32.38
cafa826a-4101-4fe4-bcbc-7d1267194dc2,5,20330.92,4066.18,Inactive,Grooming,Low,2025-02-18,27.0
8a46c70d-fe0b-4776-8e03-ffb5b7cf7468,7,14313.36,2044.77,Active,Books,Medium,2024-12-06,48.58
3aabaee2-cfab-4de0-b08b-e685e4dab715,6,6093.5,1015.58,Active,Grooming,Medium,2025-03-27,20.92
fa3b5b4a-7704-4bbf-9a87-d052a54f1adf,5,7244.030000000001,1448.81,Inactive,Clothing,Low,2025-03-17,40.01
7687c455-864b-4b34-b028-2a88b3e611d3,4,18220.72,4555.18,Inactive,Home & Kitchen,Low,2024-10-08,0.26
64b20662-8f18-4b8a-b13d-09c5ce4781d6,4,10598.179999999998,2649.54,Active,Home & Kitchen,Low,2025-03-29,32.65
508f5e25-c5cf-4b49-81c2-98437b862816,6,14762.880000000001,2460.48,Active,Electronics,Medium,2025-01-10,42.26
d244d9e3-e372-46ba-a443-4d8bc95d70b6,11,27528.9,2502.63,Active,Grooming,Medium,2025-03-23,18.03
e3f251ce-ef31-4bdc-a26d-24d290cf8e3f,7,27102.97,3871.85,Inactive,Home & Kitchen,Medium,2025-03-17,29.96
95d0e11c-1891-46cd-8e44-f39b684b667c,5,14352.249999999998,2870.45,Active,Clothing,Low,2025-03-29,33.6
053a9d0d-9cf0-43bf-82a4-fb8567a8d1d8,4,11517.650000000001,2879.41,Active,Toys & Games,Low,2024-09-25,3.92
0a569e84-96c0-461c-9c74-7738410fda5e,6,21255.29,3542.55,Active,Home & Kitchen,Medium,2025-02-05,29.19
1c20907d-fa48-4fa7-a294-845963c9aaa4,3,2084.06,694.69,Active,Home & Kitchen,Low,2024-12-30,24.22
38e55a82-2a5e-4732-98e6-1c6c13c0c91e,4,9103.560000000001,2275.89,Active,Toys & Games,Low,2025-01-01,45.13
16f82d8d-7b4e-482c-ad78-eb321ee321ae,8,17664.530000000002,2208.07,Active,Clothing,Medium,2025-03-18,26.76
d80cf8cb-f8f6-4d03-aeb5-ef27fb63a7c2,2,4448.26,2224.13,Active,Home & Kitchen,Low,2025-02-06,1.33
aef0f40f-42e4-4c2f-871f-0e41cf3c1187,1,1606.17,1606.17,Active,Grooming,Low,2024-09-16,7.97
de9810f9-0477-4742-b081-d0009ecb63de,2,3926.3599999999997,1963.18,Active,Electronics,Low,2025-02-28,16.77
c839f06f-7ef0-4f48-98d3-ee491b8d5402,3,10325.67,3441.89,Active,Grooming,Low,2025-01-31,18.62
453cc9b5-c179-4739-9a28-dc6b357b0382,6,12285.800000000001,2047.63,Active,Toys & Games,Medium,2025-01-07,24.38
ae05cc5b-9df1-4a0f-b57d-33a776080f30,6,26315.130000000005,4385.86,Active,Grooming,Medium,2025-02-12,25.12
15342c9a-8653-475d-83d6-07adebecd25e,4,10064.64,2516.16,Active,Toys & Games,Low,2024-11-16,23.37
f3b7322a-96a7-4e97-956b-b294bc501f29,5,9297.22,1859.44,Active,Books,Low,2025-03-08,24.38
da346595-78ad-4f19-a4f4-5c94fec1a277,6,21641.120000000003,3606.85,Active,Grooming,Medium,2024-10-10,44.76
c8ce57b9-602f-4feb-b89b-725d936af76a,5,9392.09,1878.42,Active,Home & Kitchen,Low,2025-03-08,10.45
6a075265-3968-4f3c-836d-9624bd1e9292,5,20219.800000000003,4043.96,Active,Grooming,Low,2025-03-28,21.07
547ca111-404d-4b7c-a5da-27744b657888,6,12694.669999999998,2115.78,Active,Clothing,Medium,2024-09-21,24.79
c42d8eca-28c3-4277-9d17-ae917cad84be,11,42887.64,3898.88,Active,Books,Medium,2025-03-16,14.67
d3830e9b-1a8f-4093-a975-aafd1a6dff30,5,9457.36,1891.47,Active,Home & Kitchen,Low,2025-03-22,27.36
483818f8-f569-42c5-9238-cb357c9f7206,4,11192.25,2798.06,Active,Toys & Games,Low,2025-01-26,12.24
8891e459-97af-47fb-bfcc-85599f74578f,5,6602.1900000000005,1320.44,Active,Books,Low,2025-02-13,21.74
aa8f75d6-254c-4211-ba05-693b73ea76cc,5,13906.609999999999,2781.32,Active,Home & Kitchen,Low,2025-03-09,40.74
ba8df060-a6f4-491a-bc73-96c5201cdc53,4,14050.189999999999,3512.55,Active,Clothing,Low,2025-02-15,41.38
dc109bf2-384a-46e5-a342-3e2c4c19224a,5,16807.5,3361.5,Active,Electronics,Low,2024-12-30,47.04
d059530c-ae65-4e85-ac0c-4e7950c40502,3,8992.99,2997.66,Active,Clothing,Low,2025-03-10,11.79
e95a570e-52b2-45b3-b676-2a84cbaff450,8,42408.170000000006,5301.02,Active,Toys & Games,Medium,2025-01-29,10.24
e37baee0-7364-4973-8b61-af7c2ea8cfed,6,16900.84,2816.81,Active,Grooming,Medium,2025-03-14,0.88
0127b98d-d15b-4ac9-8572-4b1cfddb731e,7,22577.51,3225.36,Active,Grooming,Medium,2025-02-21,10.19
6438261d-09c8-4e5e-b9a6-17c99d491a75,8,23633.239999999998,2954.16,Active,Home & Kitchen,Medium,2024-12-29,24.9
678d4d2d-c77b-47b6-8f84-2fd87e289d26,5,11571.09,2314.22,Inactive,Home & Kitchen,Low,2025-02-07,11.76
89ae4323-9515-4070-8c0a-96255e327983,4,13748.730000000001,3437.18,Active,Toys & Games,Low,2025-02-12,6.97
76b9fd18-eec1-4847-9cb6-4984f32d6def,10,23394.57,2339.46,Active,Home & Kitchen,Medium,2025-03-23,31.95
6b601de3-c174-4c77-8ce4-4bf7a3a3cec8,5,15469.25,3093.85,Active,Books,Low,2025-02-15,24.88
f3836f79-e521-4aa0-90a9-54cb81e28dcc,6,12491.78,2081.96,Active,Clothing,Medium,2025-01-29,40.42
c686c126-6da5-42b5-b88f-e076e1c3cc2a,4,9653.31,2413.33,Active,Toys & Games,Low,2024-08-13,4.33
73a8345a-8efc-42f6-b6c1-02fdcb81953c,2,2215.7,1107.85,Inactive,Electronics,Low,2024-12-08,5.75
96b7b93f-5ef9-42c8-b8ac-5f90b74ec9ce,6,23824.05,3970.68,Active,Clothing,Medium,2024-12-02,29.99
8eb145bc-a41b-44e9-91eb-055115431cd5,5,14808.03,2961.61,Active,Home & Kitchen,Low,2025-02-27,19.36
cc856459-4c77-4609-8c44-5b93222edd36,3,2154.78,718.26,Inactive,Home & Kitchen,Low,2024-08-06,41.6
95fd379f-2ed8-4acf-983b-f20dbd1f6f4f,3,8726.85,2908.95,Active,Grooming,Low,2024-10-22,16.05
89e3ef65-bcd8-4626-b3b6-02252d8e6f25,3,9320.74,3106.91,Active,Books,Low,2024-10-17,33.46
ff6c3c40-a5e2-4276-810c-d41693d3548a,9,32458.04,3606.45,Active,Clothing,Medium,2025-03-27,16.31
7be90b16-9c73-4519-9e72-ccb0796302d0,8,17821.86,2227.73,Active,Grooming,Medium,2025-03-26,48.27
70583380-62ac-4c47-aaf2-3c98ab4bf93c,6,18553.25,3092.21,Active,Electronics,Medium,2025-03-17,8.83
70721000-c4af-465a-a25e-79dcfe524b64,6,17020.37,2836.73,Active,Grooming,Medium,2025-03-29,45.67
366f582c-758a-4e8e-89eb-596ba5eec746,5,19982.39,3996.48,Active,Toys & Games,Low,2025-03-12,38.48
fb2f4d5d-121a-47a3-b05d-2f4f3eb7a798,6,21992.850000000002,3665.48,Active,Home & Kitchen,Medium,2025-02-13,22.15
9f4bbb46-43f7-4c3d-93ad-a439da379bc9,7,28714.6,4102.09,Active,Grooming,Medium,2025-03-18,11.38
1829f643-7712-4a91-93f8-dff7aa69d38b,8,17120.269999999997,2140.03,Inactive,Toys & Games,Medium,2025-03-23,32.49
73fd3534-9fec-46cd-bff1-ff7de5e21758,4,13565.699999999999,3391.42,Active,Toys & Games,Low,2025-03-11,26.92
6183ca76-3e28-4980-bb76-69d6df7581fe,2,9903.36,4951.68,Active,Electronics,Low,2024-08-22,44.33
df8d3773-1874-4fc1-a93c-3445867796f3,5,14630.45,2926.09,Active,Clothing,Low,2025-03-18,43.0
2dad3fc9-dfe0-4999-bd82-e58a73375ca9,9,24446.66,2716.3,Active,Toys & Games,Medium,2025-02-04,26.0
64badcb4-9d4e-4c15-94ec-f01d5aa2c7f6,5,22287.42,4457.48,Active,Home & Kitchen,Low,2024-08-09,40.96
7b89f832-aeb7-4f39-a606-36c411ce4c11,5,13456.56,2691.31,Active,Toys & Games,Low,2025-02-07,44.34
4bc21a64-9363-469c-a7bd-53ce418dbc91,6,7733.680000000001,1288.95,Active,Books,Medium,2025-03-19,19.51
aa0e9c73-1976-4194-a2c2-6369b4e7a924,4,17216.47,4304.12,Active,Toys & Games,Low,2024-09-11,30.41
88554a7b-8535-4a4f-a2e3-b528465473ec,4,5331.64,1332.91,Inactive,Electronics,Low,2025-03-18,45.98
4289aaea-ff98-4972-b95e-db6d4421ed62,4,7558.96,1889.74,Inactive,Grooming,Low,2024-08-07,29.61
fb74c2a4-e721-425e-ad50-664e50c5622f,3,15593.58,5197.86,Inactive,Electronics,Low,2025-03-18,39.77
aa445152-72ed-4719-a11a-cf65d0bbe1c9,7,22954.21,3279.17,Active,Books,Medium,2025-01-31,48.39
3e3d4138-ecc6-431a-8f93-980ec7cc7e09,7,14777.21,2111.03,Active,Books,Medium,2025-01-11,6.54
9db68dbb-5b31-4394-b52a-075e06e719b7,5,9527.24,1905.45,Active,Home & Kitchen,Low,2024-11-21,17.42
6623b183-2587-4bf9-af1e-7e277c6cc543,2,4321.83,2160.92,Active,Electronics,Low,2024-06-20,3.43
0392d36f-47e8-4354-b752-b83462a97b77,3,8611.59,2870.53,Active,Clothing,Low,2024-12-16,13.05
77de1dbd-f044-4c1b-9db2-56419c665b11,4,4083.6099999999997,1020.9,Active,Home & Kitchen,Low,2025-03-23,37.5
d26ddee5-efbc-4009-ba5d-e164368791fe,6,12520.43,2086.74,Active,Home & Kitchen,Medium,2025-03-25,28.89
e2886ca4-0727-433a-9a59-35f2e4de76bc,5,25119.39,5023.88,Active,Toys & Games,Low,2025-02-25,7.11
ba0ece50-3e4e-4f05-9bd5-cab120dadf82,5,12941.810000000001,2588.36,Active,Clothing,Low,2025-03-15,23.8
f3d9f475-35a0-48c7-9d93-7532c1905f9c,5,19062.19,3812.44,Active,Electronics,Low,2025-03-18,27.87
e323f4d5-50f9-45c9-ba2b-0a73b930817d,1,3617.48,3617.48,Active,Electronics,Low,2024-04-30,16.59
2ac69ec3-b75f-4375-8872-74cda68e47e5,2,3993.96,1996.98,Active,Toys & Games,Low,2024-12-19,44.44
a7724ff6-42b8-4710-aa79-30a14093cf11,3,2033.79,677.93,Inactive,Books,Low,2024-08-30,27.44
6d6d3ae7-f6bd-4c01-a509-b5311957f9e7,7,16625.54,2375.08,Active,Home & Kitchen,Medium,2025-03-29,30.08
397b2527-54cc-4265-a300-b6e93fb8f554,2,7410.89,3705.44,Inactive,Toys & Games,Low,2025-01-27,15.51
4fd05a77-8974-43cb-8beb-e3230898be0d,3,5021.0,1673.67,Active,Books,Low,2025-01-05,44.74
8e5c6f99-22aa-45a9-bc90-03ae4a5aff88,2,5566.84,2783.42,Inactive,Toys & Games,Low,2024-07-14,26.87
6b649ff2-41ac-4af7-a173-238c94196b72,2,2897.6,1448.8,Active,Electronics,Low,2024-12-03,15.52
e6715d1e-cf8d-4f6c-982f-a033b8b0db43,6,13310.18,2218.36,Active,Electronics,Medium,2024-11-11,33.4
31428535-8819-4b93-809f-bb4b4587e3f1,5,16641.96,3328.39,Inactive,Toys & Games,Low,2025-02-21,2.01
71636595-bedf-46ab-af4b-3e25d808f4e4,4,18315.41,4578.85,Active,Toys & Games,Low,2025-03-08,49.84
f4873b52-7347-4990-a368-7f5eb02e4750,6,21695.18,3615.86,Inactive,Home & Kitchen,Medium,2024-11-19,46.13
42a2a066-9006-4326-9145-7a38962d3e2c,6,10551.75,1758.62,Active,Books,Medium,2025-03-04,2.31
81edce71-d0ec-47c7-bbb0-234308799a85,5,24898.660000000003,4979.73,Active,Clothing,Low,2025-01-27,22.71
dd8f3f67-23bb-4a15-a94c-5b3c708de0b5,8,24023.82,3002.98,Active,Toys & Games,Medium,2024-12-30,9.68
3d395c08-a4f6-49e6-96fb-da6c4ad97270,2,11713.95,5856.98,Active,Clothing,Low,2024-12-06,41.05
842d7abc-0f5a-497a-afa7-86df1c1b105a,6,11430.73,1905.12,Active,Books,Medium,2025-01-03,26.83
2f1d1946-c6d0-49e3-95ef-bcc939ab119c,5,15187.33,3037.47,Active,Toys & Games,Low,2025-01-09,0.57
4c5eed5d-ad3e-437c-9395-d19c33d5df6a,2,9050.51,4525.26,Active,Toys & Games,Low,2024-11-21,17.41
167a30ed-3eda-41a3-b7ed-c30a444fba3a,4,20878.570000000003,5219.64,Active,Home & Kitchen,Low,2025-03-20,6.85
a265dcea-54fe-4ce8-8a70-88a63c7f3654,7,9052.31,1293.19,Active,Toys & Games,Medium,2024-11-12,12.23
87d1310f-f48f-492b-a7ec-e31dad38e164,9,45194.31,5021.59,Active,Books,Medium,2025-03-25,19.53
772175ff-c645-4855-a87b-0811afe222b6,4,14638.05,3659.51,Active,Electronics,Low,2024-07-03,29.04
2ff16b4e-50f5-4695-9947-a4d3526dc44f,8,34932.1,4366.51,Active,Toys & Games,Medium,2025-02-20,39.34
8d1975be-a490-47af-a0ac-443282650e72,8,19061.510000000002,2382.69,Active,Toys & Games,Medium,2025-02-10,47.4
d36f70be-b5d1-4759-a399-0403adf3066d,6,11630.79,1938.46,Active,Clothing,Medium,2024-12-14,13.92
1bc88505-a554-4a42-ab52-0a55f03ebcd4,5,7028.46,1405.69,Active,Home & Kitchen,Low,2025-03-16,20.3
afcb6c6a-182d-4d9c-9531-d52ad67019ed,7,26819.92,3831.42,Active,Clothing,Medium,2025-01-14,48.58
3d17d388-c9e0-4708-bd5f-71d09bfc8c5d,4,10150.6,2537.65,Active,Books,Low,2025-02-18,24.99
eca8386a-189e-4825-a85a-bd96a4f86878,6,6732.64,1122.11,Active,Home & Kitchen,Medium,2025-03-12,32.18
00c5e657-0b6b-4a0b-8232-44880da51783,7,30905.379999999997,4415.05,Inactive,Home & Kitchen,Medium,2024-12-28,49.75
d7ac7045-7ee0-4ecd-a2dc-1da243ce3abb,3,10720.130000000001,3573.38,Active,Electronics,Low,2025-02-07,43.38
8b9797ba-d1e8-4e3e-9ecf-d3a11f4131f0,5,26152.93,5230.59,Active,Electronics,Low,2025-03-18,44.94
15e4212d-d3d3-436b-89cb-ab6319c79e3e,4,5645.759999999999,1411.44,Active,Clothing,Low,2024-12-18,16.8
bd997567-f674-4aa5-b1ad-3f0b993a8a24,8,17798.949999999997,2224.87,Active,Grooming,Medium,2025-03-20,38.38
58e32f7f-8ac6-4f12-95fa-3d5940bbf061,7,20743.629999999997,2963.38,Active,Clothing,Medium,2025-01-29,16.65
ba838bcf-a484-435c-8fce-66236ec18bed,4,8478.29,2119.57,Active,Home & Kitchen,Low,2024-07-22,19.79
7bd04e37-a182-492a-94d6-dd5291cd2cb0,6,12008.089999999998,2001.35,Active,Clothing,Medium,2024-11-15,3.85
6c8323df-8120-4fce-a11a-7d61c900053e,5,9508.42,1901.68,Inactive,Clothing,Low,2024-12-01,22.37
2f693901-8ea7-4c6c-aa8a-7567310052a4,3,6720.679999999999,2240.23,Active,Grooming,Low,2025-01-31,1.34
7fa36e9a-a82e-487b-887d-105d22032aba,2,7504.6,3752.3,Active,Electronics,Low,2024-11-02,36.91
5588df8d-a76e-458d-91b0-7c8200a537c8,3,6584.62,2194.87,Inactive,Toys & Games,Low,2025-01-16,44.35
aa04d22d-f262-41d7-b0b6-b04e5f75d001,4,21901.440000000002,5475.36,Active,Home & Kitchen,Low,2024-05-10,12.58
56c226a8-94cd-4182-9bf8-50fd4154c6bb,3,4557.17,1519.06,Active,Electronics,Low,2025-03-18,0.78
35deea56-0b0f-4f59-9443-a84fb985e34c,6,27320.28,4553.38,Active,Books,Medium,2025-03-19,21.14
6536c670-8e26-4255-af97-83ee5ad7a103,6,22946.11,3824.35,Inactive,Home & Kitchen,Medium,2024-06-22,17.89
13a769ff-e8e0-4e7f-bb03-4010985fa843,7,20291.14,2898.73,Inactive,Books,Medium,2024-12-23,44.78
4b7912e8-7b49-40f9-9ff9-76cf64a9a45f,2,2872.88,1436.44,Inactive,Grooming,Low,2024-12-22,11.49
056efa21-b63e-450b-855f-602738883666,4,8831.449999999999,2207.86,Active,Grooming,Low,2025-03-28,14.41
febc05eb-e78a-40ba-b4c2-1ce196a25a33,6,14529.900000000001,2421.65,Active,Home & Kitchen,Medium,2025-01-06,34.12
a4d17351-723c-46aa-be73-83a099212ec4,8,21943.87,2742.98,Active,Grooming,Medium,2025-03-18,42.26
12a61697-2d52-4598-a1cf-ffb37372f0c3,4,4601.95,1150.49,Active,Grooming,Low,2025-02-27,7.48
795d3ad5-f207-472c-af3a-00622d388ce1,6,14058.009999999998,2343.0,Inactive,Toys & Games,Medium,2025-01-13,31.05
b672b3e7-89fb-4831-ae06-7b5e42011b32,8,31312.76,3914.1,Active,Electronics,Medium,2025-01-13,37.45
fa0e80a1-8400-46e3-b8a0-3ea484db40aa,7,24794.48,3542.07,Active,Books,Medium,2024-09-22,12.13
558ef724-7d61-447b-8f9e-8221fabc2380,5,15530.96,3106.19,Active,Electronics,Low,2025-01-30,24.38
f59ebaa7-7c28-4d5b-bd71-757bab7f914a,4,18281.12,4570.28,Active,Books,Low,2024-12-13,22.21
183b3f77-e05d-4fb9-9e8b-7cfac2c14c18,6,21229.879999999997,3538.31,Active,Books,Medium,2025-02-18,25.11
0b1a9d83-1842-43eb-a0a9-4b39ae7ce0a4,4,9917.619999999999,2479.4,Active,Grooming,Low,2025-02-12,45.21
3518e653-098e-47c6-b7e7-325758a99362,5,14386.060000000001,2877.21,Active,Electronics,Low,2025-03-01,16.7
835fff5c-405c-42b6-a9ab-216425d67266,1,887.24,887.24,Inactive,Electronics,Low,2025-02-21,29.24
70c07730-02e9-49a1-8140-aad366aba560,3,8864.72,2954.91,Inactive,Clothing,Low,2025-01-31,31.96
3f40399a-bb9f-4980-8a0c-056b9a61ec39,4,4564.94,1141.23,Active,Toys & Games,Low,2024-06-23,19.32
adc62cd1-65d7-4c0a-9469-330b28b85c2c,5,12126.58,2425.32,Inactive,Electronics,Low,2025-03-02,22.43
7dbb83ec-6185-4dc7-9a6f-ceeda4b17f66,4,7377.740000000001,1844.44,Active,Clothing,Low,2025-02-23,24.46
e974e0d1-2859-4edd-bf09-822e386580b1,7,15478.34,2211.19,Active,Books,Medium,2025-03-28,22.22
e2f67de2-a2c0-4301-a85c-e51b0b97ba01,6,13117.820000000002,2186.3,Active,Books,Medium,2025-02-04,9.29
0bc1cf1a-f76d-467e-b346-319335f5a8f1,5,15531.79,3106.36,Active,Home & Kitchen,Low,2025-02-22,19.59
946685bb-a6f2-449d-b3e7-7ba58047f39f,5,12817.88,2563.58,Active,Grooming,Low,2024-10-29,49.94
fa647875-a2d2-42c4-be7b-b8af2166231c,5,8563.31,1712.66,Active,Clothing,Low,2024-10-17,1.43
bf2657f3-a31f-4ad7-9ef9-5bee99616237,3,5816.679999999999,1938.89,Inactive,Grooming,Low,2024-10-13,23.37
1c37c921-4166-4644-beb0-560d434f6714,5,16622.06,3324.41,Active,Home & Kitchen,Low,2025-01-15,36.17
ca171f54-93ff-410d-a837-d59af56b85a4,5,21917.96,4383.59,Active,Clothing,Low,2025-01-13,38.36
15b06671-9ea1-4637-b15e-31d3958571c8,5,19316.84,3863.37,Active,Clothing,Low,2024-12-09,43.06
57a0e88b-978b-462a-9a69-dc7574f40934,3,4403.41,1467.8,Active,Grooming,Low,2025-01-06,14.02
7c820c85-ec1f-4293-a04f-793c604157c6,4,7242.71,1810.68,Active,Toys & Games,Low,2025-02-14,5.73
89eda60d-8dcd-4896-ae0c-6eee9c88635b,5,7362.51,1472.5,Active,Books,Low,2025-03-09,2.6
d799ec45-4d10-40c9-91ef-3f7af57a87dd,4,17706.75,4426.69,Active,Clothing,Low,2024-09-02,32.49
832e485f-782a-4f3a-93e7-498cc33ac6f3,3,8318.73,2772.91,Inactive,Toys & Games,Low,2025-01-11,40.44
0886e106-474d-451d-9fd4-c4fe823dff46,3,17930.08,5976.69,Inactive,Electronics,Low,2024-10-21,35.07
0f5a1abc-69a6-4411-8878-d24e4e42e741,1,2290.11,2290.11,Inactive,Home & Kitchen,Low,2024-12-26,13.23
05d7b3e3-2139-4d3e-af51-c955db2066f3,9,17062.16,1895.8,Active,Clothing,Medium,2025-01-27,11.25
df5667e3-81aa-497d-b17b-f4b920589703,12,39254.44,3271.2,Inactive,Home & Kitchen,Medium,2024-12-24,39.82
66930193-300f-4a03-9789-368ac29144a3,3,13525.35,4508.45,Active,Clothing,Low,2025-02-01,44.15
564e5213-f2bd-40d4-8b79-eff9b19a93ff,2,11125.08,5562.54,Active,Home & Kitchen,Low,2025-03-29,43.8
7da6bc85-1e76-47ad-b5cd-bd14f12edc23,6,22558.260000000002,3759.71,Active,Clothing,Medium,2025-03-09,18.27
c98cb938-356a-41d6-afc7-5db13599ceae,8,23185.620000000003,2898.2,Active,Books,Medium,2025-03-24,14.33
22efcc36-a0d0-40e4-a1bf-07ae40ad3a35,1,1225.9,1225.9,Inactive,Electronics,Low,2025-03-24,44.73
b51a04e9-892f-46a1-bd7a-c088cd813ee0,3,11406.9,3802.3,Active,Clothing,Low,2025-02-28,45.36
6492dae9-d911-404b-8634-f0420520ad2a,4,13766.69,3441.67,Inactive,Home & Kitchen,Low,2025-01-11,17.23
e3c0301c-c998-48b8-a0b8-f373a6381314,8,40376.229999999996,5047.03,Active,Grooming,Medium,2025-01-02,22.29
55b08518-1a0e-44ef-8483-6450097df23a,9,30766.550000000003,3418.51,Active,Clothing,Medium,2025-03-19,11.95
fc03fd1c-8176-46fc-ab49-90cbd8668300,0,0.0,0.0,Inactive,Electronics,Low,,33.99
12d80553-b5f9-4460-82e8-071b4540c895,2,2319.31,1159.66,Inactive,Electronics,Low,2025-02-18,39.76
e9039e91-0584-450e-91ab-6daf9db4440c,3,19064.230000000003,6354.74,Active,Home & Kitchen,Low,2025-02-10,33.55
b2ec8550-9d9d-4773-b48e-5417c8779eb7,10,29997.85,2999.78,Active,Books,Medium,2025-03-16,23.96
04d2d8c2-2465-4033-912d-2a897b72dbd4,4,16585.07,4146.27,Inactive,Home & Kitchen,Low,2025-03-18,48.55
f23511b5-7b18-4e00-aa7a-eb5c5bf32251,3,6598.89,2199.63,Active,Electronics,Low,2025-03-20,45.68
e14822c7-50bc-4adf-b9a8-5c8b2975823d,5,12227.289999999999,2445.46,Active,Home & Kitchen,Low,2025-03-11,41.8
72181cb1-cca0-401a-987c-21bd0b97034a,1,308.18,308.18,Active,Toys & Games,Low,2024-04-05,1.2
a95f0f91-88dc-46ec-839b-4ba2003ace82,6,7822.07,1303.68,Active,Toys & Games,Medium,2024-12-22,17.55
cc5bbfd8-6189-48d0-ab1e-5911e8713020,6,13347.570000000002,2224.6,Active,Grooming,Medium,2025-02-16,18.14
32ab9333-7b75-4957-8ffa-5c31ee912931,2,4149.360000000001,2074.68,Inactive,Toys & Games,Low,2024-05-19,18.77
881a519d-b354-46b1-8344-382da2d87ade,3,6888.0599999999995,2296.02,Active,Toys & Games,Low,2024-09-07,26.63
ae64f2dd-85e7-468b-b04b-d24dcab3f855,8,27595.72,3449.46,Active,Clothing,Medium,2025-03-21,34.43
20c5575d-4d9d-4abd-a158-3dbd178f0632,5,10597.5,2119.5,Inactive,Toys & Games,Low,2025-03-16,11.02
26203f63-21c4-4567-99aa-abe4f745e3f8,3,7768.27,2589.42,Inactive,Home & Kitchen,Low,2025-01-12,28.49
d80f45bb-fb82-417b-b4f3-fcc73b016eba,5,4363.05,872.61,Active,Electronics,Low,2025-03-11,29.16
4dfad356-3d50-4581-9141-82f499805ade,5,19749.34,3949.87,Inactive,Grooming,Low,2025-03-08,2.71
b80f5996-4c7a-4f43-9ccd-6adfabcb09ff,4,9123.54,2280.89,Inactive,Home & Kitchen,Low,2025-01-18,39.6
f4c5ec4d-af23-4c51-83d7-dcc86c7b9f57,3,10863.54,3621.18,Inactive,Toys & Games,Low,2024-10-28,13.38
f1a3dddd-0f43-4fbe-bb2f-462748106fe7,7,24783.629999999997,3540.52,Active,Home & Kitchen,Medium,2025-03-05,6.38
f38eca16-a9c7-4149-8ac7-c4851f5bfe1d,4,18881.5,4720.38,Active,Toys & Games,Low,2025-02-20,47.22
66e0112c-dc09-4b85-818a-5d8fbd3532da,7,25199.609999999997,3599.94,Active,Books,Medium,2025-03-24,29.46
9556ba81-3345-4733-b2ca-a36c6981c950,12,24615.170000000002,2051.26,Active,Books,Medium,2025-03-25,45.37
bcdc999f-2853-4ef2-b810-e700286b07c7,4,16856.48,4214.12,Active,Toys & Games,Low,2024-12-21,19.4
ab7fe117-929a-4f3a-9020-b4b12a078f5f,6,11276.06,1879.34,Active,Clothing,Medium,2025-01-15,37.13
b4ba049c-beb3-4a9c-bb53-975739ffe5da,3,13325.150000000001,4441.72,Active,Electronics,Low,2024-10-29,24.79
307d90e6-27bd-4524-b828-0acc0ac2d066,6,19005.219999999998,3167.54,Active,Electronics,Medium,2025-02-16,45.11
687a62d1-1717-47d6-8d67-2b638a520935,6,10815.79,1802.63,Active,Clothing,Medium,2024-11-29,37.16
8993de88-c2ff-4333-a561-aa5bcafbb151,3,7251.26,2417.09,Inactive,Books,Low,2024-11-08,42.16
577291ac-cd49-457f-89ae-d7a6736582a5,5,18082.059999999998,3616.41,Active,Clothing,Low,2024-11-19,20.9
3f8825c2-ba37-4085-9b5c-e6d03f365cce,4,14047.630000000001,3511.91,Active,Electronics,Low,2025-02-12,20.17
00cba302-ca47-44fd-b790-9508e78aedab,1,1231.38,1231.38,Inactive,Electronics,Low,2024-05-04,42.73
93124f6d-ce71-4239-a09d-ae3314b452f2,4,18760.46,4690.12,Active,Grooming,Low,2025-03-27,45.0
21d80d3a-ba97-4b02-baab-91113343af47,6,25399.23,4233.2,Active,Toys & Games,Medium,2024-12-25,25.06
3e29ed11-6fd5-4874-a896-27af22c17b63,10,16402.48,1640.25,Active,Electronics,Medium,2025-03-11,35.13
aca5066c-6777-422a-9374-56a3fdfdca27,2,2574.35,1287.18,Inactive,Clothing,Low,2025-03-22,26.5
a8bd8bfa-e52c-4d35-9cb2-f3186690dc18,5,10060.109999999999,2012.02,Active,Toys & Games,Low,2025-03-26,7.94
9f734b63-1be5-4d7b-94a7-dfe88ced9bc5,3,6607.13,2202.38,Active,Clothing,Low,2024-09-23,33.55
c3282db0-46c8-4a81-8d72-63ec3718dbdb,6,18211.56,3035.26,Active,Home & Kitchen,Medium,2025-03-29,7.92
166246c3-a138-44ef-b6d0-6e5b73e97696,6,17096.6,2849.43,Active,Clothing,Medium,2024-07-30,15.57
a0525933-0d85-47a1-b875-29789ea1b6f8,10,29837.839999999997,2983.78,Active,Home & Kitchen,Medium,2025-02-17,12.87
daa60adb-b5f8-4c19-a552-01cfcd31102e,3,6357.200000000001,2119.07,Active,Electronics,Low,2024-12-16,1.61
2eda7631-bfcf-4056-a624-365b88c7ed34,6,15101.5,2516.92,Active,Electronics,Medium,2025-03-08,24.68
b479e174-6f4a-4d32-bc83-595453fab5cb,5,25478.09,5095.62,Active,Home & Kitchen,Low,2025-03-25,42.09
25c82844-3ad0-4cbd-9096-fa219252721c,4,9770.16,2442.54,Active,Clothing,Low,2024-11-22,23.15
901d003c-6958-408c-b63f-30b603954056,8,30555.6,3819.45,Inactive,Home & Kitchen,Medium,2025-03-21,43.31
7322db0c-c8db-4dcf-a454-404e5393076d,3,7842.389999999999,2614.13,Active,Toys & Games,Low,2025-03-27,28.02
7a018666-c86c-4b00-abfd-c24ec51c6a5e,7,19891.11,2841.59,Inactive,Grooming,Medium,2025-03-25,6.24
8a05f334-bca0-4d49-b2bb-a059e918b8ea,2,2954.99,1477.5,Inactive,Toys & Games,Low,2024-11-23,42.17
c53857ac-3676-439e-b193-3e226ffffec9,8,21421.83,2677.73,Active,Books,Medium,2025-03-21,49.76
ea78db9f-c800-4fd4-90d6-2f0dc229c5f5,4,17517.530000000002,4379.38,Active,Home & Kitchen,Low,2025-03-05,4.01
a0777b3c-0d8f-4279-bde2-876425de3f6c,6,21373.82,3562.3,Active,Electronics,Medium,2025-02-17,21.11
cdb72a56-43f1-4e73-86eb-e7336c271a52,5,15436.72,3087.34,Inactive,Books,Low,2024-11-26,20.34
f1a72634-51d6-4943-b011-635ad81e7592,5,26015.930000000004,5203.19,Active,Clothing,Low,2024-08-13,40.82
a89adf69-df16-48df-b2b8-3e0d2d48e704,8,29071.95,3633.99,Active,Electronics,Medium,2025-02-17,43.29
6ccb28b9-efaa-40a1-b6c3-fee677e80812,4,3310.37,827.59,Active,Clothing,Low,2024-12-25,2.6
ac75c65e-555f-401e-8b8a-3b7d6368302a,5,5490.65,1098.13,Active,Toys & Games,Low,2024-11-11,37.1
47153500-1fc9-45af-9703-9b5a8d5eebd7,6,15926.15,2654.36,Active,Books,Medium,2025-03-27,10.94
2c1881cb-32dd-47f6-a683-4057f3f03ba8,10,27608.77,2760.88,Active,Clothing,Medium,2024-12-09,29.42
c3aff4bf-757c-4868-93f4-2820934a98bd,2,4133.02,2066.51,Inactive,Clothing,Low,2024-09-28,40.47
11558fa4-1357-48c1-a687-30756ab033a4,11,42388.06,3853.46,Active,Electronics,Medium,2025-03-06,40.19
bbf367ed-2236-453f-9436-022943bc6b02,2,5621.6,2810.8,Active,Grooming,Low,2024-02-17,12.08
ad1ca62b-c282-4159-a0ab-7b5376a19ceb,11,30038.18,2730.74,Active,Clothing,Medium,2025-03-22,31.6
1a3f1cb7-519d-4107-9908-df1a4efe5b75,8,13962.37,1745.3,Active,Grooming,Medium,2025-02-25,35.57
51fc9d6d-c002-4512-a24e-828a5281c466,5,5542.76,1108.55,Active,Books,Low,2025-03-22,34.39
800f4b3c-f9fd-4e90-997b-067b38ed36ec,3,5313.4,1771.13,Inactive,Clothing,Low,2024-09-02,11.96
c3bb24f0-6d3d-4ef3-aef6-5bed17293264,8,16230.029999999999,2028.75,Active,Grooming,Medium,2025-02-01,11.95
648396e2-fefe-4ebe-b02e-1a7186e92bcd,3,11073.8,3691.27,Active,Toys & Games,Low,2025-02-22,16.78
7ecc55ac-f001-4f39-8e58-8634a6eebc3a,8,27293.149999999998,3411.64,Active,Grooming,Medium,2024-10-04,0.23
c5bd4d0b-f2fd-4d3a-9fef-01f9a5dc016a,2,7149.18,3574.59,Inactive,Grooming,Low,2024-07-22,1.31
21d93e24-0735-4389-882e-897e4980d973,3,9987.37,3329.12,Active,Home & Kitchen,Low,2024-12-23,28.57
3f379dfe-83b2-46fe-b5df-dcb832ab69c2,5,23068.66,4613.73,Active,Books,Low,2024-12-27,40.48
eadc2b1f-7b29-42ef-937f-276cb1f103f5,6,22629.31,3771.55,Active,Books,Medium,2025-02-05,11.36
a78af456-f73d-47b9-abf1-a90df808f791,6,29309.640000000003,4884.94,Inactive,Books,Medium,2024-08-15,29.39
0febe9e1-7698-4788-af01-5316c29249fb,6,24912.33,4152.06,Active,Books,Medium,2025-03-03,38.99
51174efd-9426-44da-817c-e47c6840f3a3,7,19872.33,2838.9,Active,Home & Kitchen,Medium,2025-01-26,32.58
67127eb0-5b11-443f-9ae0-d8dcae502aad,5,13802.32,2760.46,Active,Clothing,Low,2025-01-26,43.73
391dcb6b-b19d-4271-b791-cc2e0d717a2d,7,33585.759999999995,4797.97,Active,Grooming,Medium,2025-03-26,1.93
f9a126da-d723-43be-aa10-21131eeb9a87,1,5303.2,5303.2,Inactive,Grooming,Low,2024-05-09,44.73
9afae952-2db0-432c-8bcb-41d7271dd237,6,15108.78,2518.13,Active,Home & Kitchen,Medium,2025-03-18,23.81
7637afe1-fd84-4242-890e-79906efc426d,1,5183.6,5183.6,Active,Clothing,Low,2024-11-29,25.83
75bd8d35-a21e-4d95-9b8c-e1506291a9ea,5,12347.77,2469.55,Active,Clothing,Low,2025-02-10,37.44
212fb8eb-b068-416e-9f31-7ce365dc82f3,9,35480.95,3942.33,Active,Toys & Games,Medium,2025-03-10,32.83
2c498a38-e45f-42ca-9688-1ee630dc3a9f,5,23380.260000000002,4676.05,Active,Grooming,Low,2025-02-13,25.24
e0ca3943-e508-4731-acbf-682e9a941717,3,13885.760000000002,4628.59,Active,Toys & Games,Low,2024-07-09,35.3
74985616-cb0f-4ea6-ad0d-2d57aa92c7ab,9,39126.98,4347.44,Active,Grooming,Medium,2025-03-21,0.86
bf5d98aa-c4de-43b8-9cd9-b160ffa23dcc,6,20780.43,3463.4,Active,Home & Kitchen,Medium,2025-02-15,16.99
3f388fac-2d30-491e-9ce5-dd69dad8a4ec,6,26859.01,4476.5,Active,Grooming,Medium,2025-03-05,38.68
00849945-446c-4f65-948a-01bf6cf12639,7,19556.870000000003,2793.84,Active,Clothing,Medium,2024-12-01,44.16
24cb0df5-7ad4-4717-8d51-1b1f8c6e04ea,5,19046.310000000005,3809.26,Active,Electronics,Low,2024-12-29,38.43
3754624d-c35b-430d-b83a-76ba60891960,10,24871.019999999997,2487.1,Active,Home & Kitchen,Medium,2025-03-26,39.79
e04e51b9-a8c7-4fa0-bfd1-b805cbf1612e,8,32131.03,4016.38,Active,Home & Kitchen,Medium,2025-02-04,40.72
49ef4006-6385-4e19-a375-05f211c7d6fc,6,15010.570000000002,2501.76,Active,Grooming,Medium,2025-03-08,2.89
383c894a-6026-4dbd-913e-f8da2575b46d,1,4238.4,4238.4,Active,Clothing,Low,2024-02-10,13.31
884778db-ca0f-44d4-9afb-687f004480d9,4,12231.49,3057.87,Inactive,Books,Low,2025-01-25,1.53
3d88220e-977b-4fc7-af35-cf7db5b3d537,3,4486.22,1495.41,Inactive,Electronics,Low,2025-01-11,34.46
ca5af3ca-c6ca-4324-9bc8-69ec9d036311,3,5908.18,1969.39,Active,Electronics,Low,2025-03-01,41.55
89587cdc-df80-45a3-9274-8ce0a177644a,4,11113.810000000001,2778.45,Active,Electronics,Low,2025-03-23,3.44
5ae07404-3a10-416e-a8fe-70450e871861,8,28472.35,3559.04,Active,Toys & Games,Medium,2025-01-09,17.22
25a1e298-2705-4e86-836a-25823b4ed6c9,8,11547.08,1443.38,Active,Electronics,Medium,2025-03-27,43.82
aa8224c2-7dc5-4eac-bbfa-655a45830e1d,8,15824.289999999999,1978.04,Active,Grooming,Medium,2024-12-04,8.63
663a7360-c5ac-48b8-abea-a65e1254f70a,3,5307.96,1769.32,Active,Books,Low,2025-02-23,23.49
86c22cdd-d42a-421c-9e11-fb72be201748,4,8992.79,2248.2,Active,Electronics,Low,2025-03-01,11.2
0c0a8f9c-6abe-4805-9341-daac77236245,6,14742.63,2457.1,Active,Electronics,Medium,2025-01-22,8.69
4f636a3c-6a12-4805-83c7-5e377b2cabbf,5,10672.66,2134.53,Active,Clothing,Low,2025-03-17,15.95
8ce733f9-bf41-4948-8656-93e3a6020236,4,16261.099999999999,4065.27,Active,Electronics,Low,2025-02-06,43.4
70e32998-9296-492a-959e-851e98400c07,2,3745.83,1872.92,Inactive,Electronics,Low,2024-09-08,7.99
6fb2f5b6-b04a-4b85-abbf-257b6bcecbe7,4,10514.03,2628.51,Inactive,Clothing,Low,2024-10-26,26.77
24ee0f39-1a01-4499-b884-46cae08c1da9,3,8997.82,2999.27,Active,Grooming,Low,2025-03-23,45.94
9a1b6a09-f3d5-4bcc-a862-cd14a999e172,6,19724.08,3287.35,Active,Electronics,Medium,2025-02-16,48.17
beabe0e0-e7ba-4c61-9265-12f7eb05ff56,8,20125.589999999997,2515.7,Active,Home & Kitchen,Medium,2025-02-12,20.36
833fd3ba-1cd7-41cb-98c7-e85afffb7174,7,21880.66,3125.81,Active,Books,Medium,2025-03-30,19.02
9ecf2af6-de85-472d-aa46-4a10905d80b8,0,0.0,0.0,Inactive,Grooming,Low,,17.08
8c82f4a5-03b0-4e00-acdf-bc4a044e9617,7,17577.58,2511.08,Active,Clothing,Medium,2025-03-19,21.18
fd3f8f4f-5f30-4549-9377-e188d296b7c6,5,16107.58,3221.52,Active,Grooming,Low,2024-11-14,14.96
d48738d7-8219-4da0-bdd3-23a212cb5706,3,8377.710000000001,2792.57,Active,Home & Kitchen,Low,2025-02-01,33.34
9bf7d69e-27bb-4718-b40a-3aae6f1e760b,5,9220.840000000002,1844.17,Active,Toys & Games,Low,2025-02-05,14.49
bcc1b71a-9c50-41b4-b779-731118366ec5,3,8395.05,2798.35,Active,Grooming,Low,2025-01-11,20.38
90c51cb0-1cbe-4059-b976-a6daa20f7ae5,10,33556.920000000006,3355.69,Active,Clothing,Medium,2024-11-13,36.31
f6014441-264a-4325-867c-59d2f899b053,5,16557.68,3311.54,Active,Clothing,Low,2025-01-14,20.19
b4c9ddb4-fa49-4515-ae11-536d23f10b85,7,26447.769999999997,3778.25,Active,Grooming,Medium,2024-12-31,42.38
35c8fd31-03c0-4b36-a66f-5c6938bf6993,3,17716.56,5905.52,Inactive,Home & Kitchen,Low,2024-10-25,12.59
f33999fe-abac-4fb9-b4e1-14bf513fdced,8,19922.84,2490.36,Active,Grooming,Medium,2025-02-03,11.14
1ec7bef2-26f7-4438-b130-7f2f97c955ce,5,23432.449999999997,4686.49,Active,Clothing,Low,2024-06-10,28.74
5f1efd6c-e557-4262-8183-cb6d71ecc610,3,2893.05,964.35,Active,Electronics,Low,2024-12-17,37.16
acc80045-2d63-4e6f-83f6-7240d5e26e23,4,22727.14,5681.78,Active,Toys & Games,Low,2025-02-09,33.95
433a95f8-f3e8-40e0-b587-8af2d0585e68,3,6973.26,2324.42,Inactive,Electronics,Low,2024-12-23,30.66
5d3ab043-6fb0-4fed-bc8e-941a7ef76974,5,16113.94,3222.79,Active,Home & Kitchen,Low,2025-02-07,28.67
44c1db7b-76d4-4abe-a14f-d0f78ae8b139,6,32671.24,5445.21,Active,Clothing,Medium,2024-12-20,44.09
78ce459d-8673-4078-9951-a417a34b7a0c,4,7520.84,1880.21,Active,Toys & Games,Low,2025-01-26,29.46
69f55610-71e0-4698-b063-3874ce90c131,2,10633.13,5316.56,Active,Grooming,Low,2025-03-27,23.51
213262ee-b507-4b99-a7fa-b5f5b8ee08fc,7,16426.8,2346.69,Active,Toys & Games,Medium,2025-01-13,10.66
2ad138dc-8ac6-4733-b997-fbfc6cc3a25e,7,27462.81,3923.26,Active,Electronics,Medium,2025-03-16,22.1
75587fda-de90-4980-868e-a03dde59a577,2,8867.34,4433.67,Active,Clothing,Low,2025-01-14,46.49
2b8f4c67-9ac7-4fc7-acf6-8c62cfee12bf,3,8852.92,2950.97,Inactive,Books,Low,2025-01-16,48.34
78911a73-04d7-4a36-8aa0-1f98d5b0fca2,8,27031.180000000004,3378.9,Active,Grooming,Medium,2025-03-15,33.11
5f1f083f-0eee-4091-92af-954b03617d82,4,15360.140000000001,3840.04,Inactive,Grooming,Low,2024-11-04,47.12
2353a728-d35a-4576-a40f-81513475a9d1,6,15757.279999999999,2626.21,Active,Clothing,Medium,2024-05-10,10.93
f543264c-ec42-48b1-bd1b-b2ef71d576d8,3,9298.46,3099.49,Active,Books,Low,2024-09-04,47.19
eb4ff062-072e-45e7-9213-6b756cc95151,2,2752.6800000000003,1376.34,Active,Grooming,Low,2024-04-30,21.54
bd32623b-bd90-4c15-9b62-5aa8a1754ff9,5,11907.74,2381.55,Active,Electronics,Low,2025-03-18,38.1
7e825ec0-31d5-45fa-9eb4-79587f13eab1,6,15268.25,2544.71,Inactive,Toys & Games,Medium,2025-02-09,11.11
c65ee54e-2b11-4d8d-bd4d-d15366882afe,7,17065.5,2437.93,Active,Clothing,Medium,2025-02-06,41.69
725d4af9-4e9e-4d04-9006-c58acef08808,4,8976.47,2244.12,Active,Books,Low,2024-12-24,48.74
33cc3547-527b-49d3-86a4-89d2ba2a5440,4,14408.330000000002,3602.08,Inactive,Toys & Games,Low,2025-02-09,3.74
95147f89-8e07-4137-adf7-4d3c48c69e97,4,11226.470000000001,2806.62,Active,Toys & Games,Low,2024-12-14,23.72
cc6aa3ab-1a7b-45ab-8beb-66fb3fb2f86f,6,16697.82,2782.97,Active,Electronics,Medium,2025-03-21,33.66
b504ef79-21ef-4465-8a13-bb53994afeb6,7,18813.449999999997,2687.64,Active,Electronics,Medium,2024-12-14,9.49
47c396a0-c297-4aa5-8700-a5c95af61fd3,5,13584.82,2716.96,Active,Electronics,Low,2025-01-22,9.7
52ea7824-b476-4238-8d42-889662169255,5,12278.45,2455.69,Inactive,Books,Low,2025-02-23,9.84
47808711-636e-45e3-866b-8969732089ee,5,9892.720000000001,1978.54,Active,Clothing,Low,2025-03-03,16.05
2df9fa8b-34e3-458a-ad69-ff14e1463092,5,11031.24,2206.25,Active,Toys & Games,Low,2025-03-17,8.87
a124211a-9d0b-4225-ab59-a97d690a74f1,6,17894.85,2982.48,Active,Books,Medium,2025-01-20,2.35
98284537-e1fe-43b9-806b-f66588c86dc3,6,16505.98,2751.0,Inactive,Toys & Games,Medium,2024-09-14,9.48
0d54459a-5f10-45ee-ac7b-a2e728d9f65b,5,18529.49,3705.9,Active,Books,Low,2025-02-27,35.06
8c50125e-7c88-47ee-a151-44bc012f6eec,7,20188.059999999998,2884.01,Active,Grooming,Medium,2025-03-11,7.76
bf6b4b2b-462d-42d7-89a9-32594998b9a2,2,714.5,357.25,Active,Clothing,Low,2024-12-12,34.12
3c6885bf-5a61-4e2a-87b7-e144dd8ef391,5,13850.8,2770.16,Active,Clothing,Low,2024-11-25,16.88
6f667531-74aa-43b3-9c56-1715ee2d8627,2,11519.67,5759.84,Inactive,Books,Low,2024-10-08,25.52
d14c2b2b-5abd-44ce-a4e1-6ba0825b8a6e,6,22490.34,3748.39,Active,Toys & Games,Medium,2025-03-15,28.12
2fcfdcd2-9592-40ab-8939-1a1298b72802,3,12246.64,4082.21,Active,Home & Kitchen,Low,2024-12-21,48.35
499819e7-4581-4e41-af39-be9f47d0924d,6,9997.0,1666.17,Active,Toys & Games,Medium,2025-02-23,45.38
fc21be25-fce7-4bc8-af9e-31d1e92296a0,6,20288.1,3381.35,Active,Toys & Games,Medium,2024-10-12,21.71
6e230db2-31ad-4c34-a3e2-2e9049f27e62,5,11315.08,2263.02,Active,Clothing,Low,2025-01-03,26.29
05688e9e-7c9d-41c3-b33a-0764eddde18e,5,16880.059999999998,3376.01,Inactive,Toys & Games,Low,2025-03-18,37.89
647ef3fb-1ad5-42d7-9424-770a62c538dc,5,16379.7,3275.94,Active,Clothing,Low,2025-03-02,27.01
89301cc6-aa46-4c1b-95b7-a3ae123c5e57,5,13361.550000000001,2672.31,Active,Clothing,Low,2024-11-23,28.15
b9be49f5-a7bc-4c00-8db2-521e88dc9634,4,8249.64,2062.41,Inactive,Books,Low,2025-03-12,7.25
59acdd16-1792-4445-84a6-245537914089,8,16162.3,2020.29,Active,Toys & Games,Medium,2025-03-08,15.53
b45276ce-305e-453c-a8b9-dc8602b4bb7c,5,5055.719999999999,1011.14,Active,Electronics,Low,2024-11-09,46.05
7918470e-6f28-4b26-be45-2a7f8f8222df,7,17900.07,2557.15,Active,Grooming,Medium,2024-12-03,17.31
b5300d07-08cc-449e-87f1-48ecb54baafd,5,18192.73,3638.55,Active,Home & Kitchen,Low,2024-11-02,24.73
7481f983-162e-4128-b457-c8fbeec8fdb0,6,16694.02,2782.34,Active,Grooming,Medium,2025-02-22,13.53
ada14ff6-ddea-4d5e-81a3-60ee4491b792,7,16517.94,2359.71,Active,Grooming,Medium,2025-03-16,6.72
d8ff4f3c-c1a1-48f0-a837-b8ac693e65dd,7,17702.09,2528.87,Active,Toys & Games,Medium,2025-03-18,7.58
884bbf21-e24d-4ef7-bde5-186390393553,9,21849.779999999995,2427.75,Active,Home & Kitchen,Medium,2024-12-24,29.91
547f6082-6836-45bb-87b6-9d995845fad5,5,8843.68,1768.74,Active,Grooming,Low,2024-11-16,29.86
9d0704a9-3628-425b-910a-2d5695d3978e,6,9477.050000000001,1579.51,Active,Home & Kitchen,Medium,2024-10-26,35.08
c9891c51-32d4-460d-8dd7-680ac5ac3239,2,1176.38,588.19,Active,Books,Low,2024-08-02,1.3
d9e33dfd-9091-4bbf-9860-b0915649fcfa,4,12801.529999999999,3200.38,Inactive,Books,Low,2024-10-03,19.33
8edd6dac-456d-4e0b-81bb-dfdb5943e370,8,15057.41,1882.18,Active,Home & Kitchen,Medium,2024-12-11,19.55
6ab1c2ee-1db0-4967-9c4a-1035db69b087,3,8339.28,2779.76,Active,Books,Low,2025-01-29,8.56
dc8c7ece-2599-4af3-b678-289fc3c34667,3,4118.93,1372.98,Active,Clothing,Low,2024-06-21,23.14
f95be8a9-c25f-4e50-8459-f78c58a63555,3,7860.9,2620.3,Inactive,Electronics,Low,2025-03-21,10.75
9bf9e095-52cc-4b56-ac1f-127c2e3cc89b,5,11665.71,2333.14,Active,Clothing,Low,2025-01-21,16.78
83fcc33b-2a6a-4585-acfe-7986097f8166,3,13625.970000000001,4541.99,Active,Clothing,Low,2024-04-09,14.26
29a57e34-ad1b-4ca2-8983-ef6d68eb90a9,8,19125.63,2390.7,Active,Home & Kitchen,Medium,2024-08-01,44.52
653e1822-3369-49ec-8583-ea6509bf1151,5,5726.87,1145.37,Active,Clothing,Low,2024-07-28,41.74
36be7146-0954-4c70-a9ee-89c684eadd2f,7,12429.529999999999,1775.65,Active,Books,Medium,2025-02-21,48.68
0c7048b1-6b92-4cfd-b70b-11227d05ba72,2,5109.9,2554.95,Active,Clothing,Low,2024-10-19,23.22
27412cdd-d8d6-496e-aa6a-7918cdef8988,3,7101.03,2367.01,Active,Electronics,Low,2024-04-21,6.14
79da2f3b-9aa7-46d1-986e-d9a6cf768f2d,8,25501.120000000003,3187.64,Active,Toys & Games,Medium,2025-02-12,35.97
66452936-9bde-40f4-a3b1-52eb707bb1e3,4,11006.34,2751.58,Active,Books,Low,2024-07-04,11.15
aa93228f-6522-42d8-bcf8-7b8e9e4d42cd,3,4585.24,1528.41,Active,Books,Low,2024-08-20,42.55
4d3994b3-efe4-4c06-9ff3-8d4cb3375b80,7,16422.44,2346.06,Active,Toys & Games,Medium,2025-02-05,21.56
91186662-93e2-4c23-9968-8bb59b170176,3,5917.889999999999,1972.63,Active,Grooming,Low,2024-12-03,10.25
36b21f93-fa6f-4d69-9d0e-8439ae961841,7,22750.570000000003,3250.08,Active,Toys & Games,Medium,2025-03-07,44.45
18cf16ab-6f34-4a82-b2a6-e9433f4dc182,3,3701.2799999999997,1233.76,Active,Electronics,Low,2024-09-19,21.76
bce1c409-ecde-45a7-8f2c-eb0ecbd0a842,2,6950.460000000001,3475.23,Active,Toys & Games,Low,2024-12-13,49.68
f377f5d0-50ad-454e-a2c5-2e87c5ebadc1,2,1261.6100000000001,630.81,Inactive,Electronics,Low,2025-03-02,21.34
c8acf55e-99c0-409a-8200-93c4aec5c675,6,27106.100000000002,4517.68,Active,Toys & Games,Medium,2024-11-18,35.74
b9723e34-2f93-402b-b82b-339598b6a727,7,12865.589999999998,1837.94,Active,Books,Medium,2025-03-29,13.74
927826b2-d6d7-4307-97f1-0729ac5a4cfb,5,17187.67,3437.53,Active,Clothing,Low,2025-03-08,43.34
d3304443-3b01-416a-98d5-1bdb53e23b19,7,22870.35,3267.19,Inactive,Electronics,Medium,2025-01-29,40.52
899e52b4-4221-412c-8e39-df73b1df66ce,6,17008.95,2834.82,Active,Books,Medium,2024-12-26,36.82
6c33d10f-2133-4092-838d-726db5dd47a4,6,20889.800000000003,3481.63,Active,Home & Kitchen,Medium,2025-03-03,44.32
97801e44-919d-4149-8b1c-fa49b0c2ab34,4,9555.349999999999,2388.84,Inactive,Toys & Games,Low,2024-10-03,9.08
83cb8ec5-681b-4373-9123-256544a67963,9,39171.08000000001,4352.34,Active,Grooming,Medium,2024-12-03,26.55
b68b375e-413d-496a-9678-5edbd4b6378b,6,12957.529999999999,2159.59,Active,Electronics,Medium,2024-12-06,44.2
8367c064-3a84-4224-be0d-74c637da5f61,8,11953.87,1494.23,Active,Electronics,Medium,2025-03-16,19.35
ddb74511-0189-475e-9a4d-abc3da877e08,4,10490.8,2622.7,Inactive,Grooming,Low,2024-09-28,48.49
6a7f062f-a4f9-42f8-9469-14fcccd3ceed,5,11364.91,2272.98,Inactive,Books,Low,2025-03-27,8.2
3e5d9199-d540-4399-bfc7-cc15b348581b,4,11265.97,2816.49,Inactive,Electronics,Low,2024-10-29,32.82
13d3bb67-d39a-4cd9-ab6e-eae3d875cb94,2,8512.460000000001,4256.23,Inactive,Home & Kitchen,Low,2024-11-29,27.37
5f83e397-6258-4e68-997d-240938a08bf0,2,9115.46,4557.73,Inactive,Home & Kitchen,Low,2025-03-12,38.11
4d4e26cd-2cdf-4761-872e-2db7c42576c2,4,15326.65,3831.66,Inactive,Toys & Games,Low,2025-01-03,21.89
8bb9405f-87f3-40d0-af27-5bd43b573c3c,1,1000.74,1000.74,Active,Clothing,Low,2024-02-10,13.77
83a9ac4b-45e6-4954-9bab-128fc99dbc73,8,25098.27,3137.28,Active,Clothing,Medium,2025-02-18,12.63
3d4536b2-106b-4780-a487-662bdd6505d9,10,23252.870000000003,2325.29,Active,Home & Kitchen,Medium,2025-02-26,49.18
5724e4d6-aa25-4b3c-8d1b-79f1728f5139,12,51020.840000000004,4251.74,Active,Toys & Games,Medium,2025-02-18,10.33
cfefe4fc-d1d5-49b9-99ca-6b10e86d728e,3,9853.66,3284.55,Active,Electronics,Low,2024-10-11,5.58
c43adffa-50d5-43bf-be8d-8cd9fd274751,2,3638.12,1819.06,Inactive,Grooming,Low,2024-12-01,26.73
93c1e9c2-d9e8-4300-bbdb-c63444507407,4,11136.76,2784.19,Active,Grooming,Low,2024-05-25,4.26
2852c6c5-9326-47e1-9988-c66a5c2ec0ca,4,16297.240000000002,4074.31,Active,Electronics,Low,2025-02-20,34.66
ef19f8ce-ce0d-4e54-bc56-77d6b3b18c0a,8,11223.0,1402.88,Active,Toys & Games,Medium,2025-01-11,7.1
843e91ca-d114-4283-a26a-c3e1fed7f3a6,9,14459.67,1606.63,Inactive,Books,Medium,2024-09-29,24.68
285fad2c-e8ab-4902-9f08-1d638f28af2d,4,8753.1,2188.28,Active,Electronics,Low,2025-03-17,20.63
4da45f68-d5ba-4b8b-9c66-00a57f1683ce,3,9418.49,3139.5,Active,Clothing,Low,2024-06-05,24.37
396d90e1-3c6d-4676-bd87-dbf2735e3250,1,1690.95,1690.95,Active,Clothing,Low,2024-06-16,35.92
0087ede1-d0f5-4cb7-ba21-ad2efdf2cacd,5,8228.26,1645.65,Active,Grooming,Low,2025-02-23,39.75
d287f582-bb31-40ac-8035-29f1110625e8,7,21499.960000000003,3071.42,Active,Electronics,Medium,2025-03-01,3.54
65c8e3da-bb10-49ef-8520-a025af4edbba,3,6851.460000000001,2283.82,Active,Books,Low,2025-03-22,15.34
d9b025e1-b62c-433d-aa5d-5b9cf37bddec,4,5131.74,1282.94,Inactive,Clothing,Low,2025-03-17,19.97
4d05bd61-be45-49c1-a77a-b553655dcf61,4,12051.0,3012.75,Active,Home & Kitchen,Low,2024-05-26,12.75
0479387c-431c-4b7d-ac55-daa1cc18cedd,3,5913.66,1971.22,Inactive,Toys & Games,Low,2025-03-15,19.5
12b56ed5-ab3d-41c9-b5a9-69e91932dd47,2,6284.32,3142.16,Active,Clothing,Low,2024-07-29,21.93
bcd9d769-cbda-4ae8-b047-1c64c7a83547,6,9673.75,1612.29,Active,Toys & Games,Medium,2025-03-22,34.95
027aa221-5c36-442e-ae72-763febbf4ca5,9,37346.630000000005,4149.63,Active,Clothing,Medium,2025-01-24,44.92
b7e35c98-22b8-4837-8cca-a797a7b3645c,3,4232.21,1410.74,Inactive,Electronics,Low,2025-01-30,40.85
1d3cb10d-922b-49b3-9d5a-8195c5e5c4bf,3,8433.0,2811.0,Inactive,Toys & Games,Low,2024-12-06,41.1
5f4e363a-33a4-42a8-8969-c34f5fe2b915,5,13256.500000000002,2651.3,Active,Books,Low,2024-12-06,36.15
e15e022a-c965-4ad1-a7f0-5a42ee93ed92,9,24273.370000000003,2697.04,Active,Toys & Games,Medium,2025-03-29,49.99
159c52a8-1b03-4556-a031-54769863501f,2,5918.5,2959.25,Inactive,Toys & Games,Low,2024-12-06,31.23
268ef364-1da9-4465-8375-12903432ad2c,3,11156.79,3718.93,Active,Books,Low,2025-03-04,4.7
05f34d24-dd71-4483-bfe3-1b02baaf4eab,3,9720.93,3240.31,Active,Grooming,Low,2024-10-19,9.11
6d34f382-83d0-42a0-8712-54b1603acb07,3,11158.78,3719.59,Inactive,Electronics,Low,2024-10-09,44.37
29025eaa-41b8-45b9-9bf1-3a013b1d842c,1,5804.0,5804.0,Active,Electronics,Low,2024-11-14,30.88
7728be2d-e109-4618-bdf6-ebb3fca23940,5,21391.11,4278.22,Active,Books,Low,2024-11-15,18.04
5dedb34b-5115-4104-a16d-493a76defb8d,4,6592.530000000001,1648.13,Active,Toys & Games,Low,2025-03-28,34.52
cf531819-8cf5-4c29-a359-5ec863d9d101,4,12488.740000000002,3122.19,Active,Home & Kitchen,Low,2025-03-20,23.91
35ef5fc3-6256-4752-bae5-dcd9edd349f4,4,12540.85,3135.21,Active,Grooming,Low,2025-01-02,47.11
027212f1-388a-40c7-983a-e75ff5c8c97b,4,8098.84,2024.71,Active,Home & Kitchen,Low,2024-12-28,40.29
3e34fc13-2628-493e-b68c-4af289e9f797,10,24804.579999999998,2480.46,Active,Clothing,Medium,2025-03-05,47.4
ad6f28b3-d2f5-42a5-9e53-ba9f317a3260,9,37355.5,4150.61,Active,Grooming,Medium,2025-03-03,13.84
2ab1de50-715a-4a08-81ba-79f32b587b63,11,27392.15,2490.2,Active,Grooming,Medium,2025-03-02,46.51
cdc24805-8cfa-41a3-90d5-20b2795151da,5,11299.230000000001,2259.85,Active,Clothing,Low,2024-12-06,47.26
e3a31679-5fda-421f-9b7f-6b848d4b9e49,9,17123.02,1902.56,Active,Electronics,Medium,2025-01-30,22.4
337a24d2-7adf-4cf3-8783-cce6f18407f3,4,13584.93,3396.23,Active,Clothing,Low,2024-09-16,35.99
429bc948-a197-4b98-9ca8-ccf8bbc3ef91,7,18541.68,2648.81,Active,Electronics,Medium,2025-02-13,28.55
86465c1a-fef9-4b2e-a590-dab8a6ef7457,5,17234.2,3446.84,Active,Toys & Games,Low,2025-02-02,36.11
d5911ae5-a862-4671-af83-acbb8764370e,9,22217.179999999997,2468.58,Active,Grooming,Medium,2025-02-21,37.75
8bba9fa5-1133-496d-b1bb-730cf7ae8bb7,6,11433.5,1905.58,Active,Electronics,Medium,2025-02-13,39.76
9ffecdab-184d-466e-80a8-b9448a309665,7,21367.8,3052.54,Active,Home & Kitchen,Medium,2024-10-11,12.72
b27d6e24-0dcf-4040-a783-c6189b9de0b2,3,19552.2,6517.4,Active,Books,Low,2025-03-15,35.78
b74e9ec6-93d3-447e-bf5c-e80303d747d3,4,7074.369999999999,1768.59,Active,Electronics,Low,2025-03-28,23.17
63221770-9feb-4ae1-9bdd-f0c51b97e680,8,24626.64,3078.33,Inactive,Clothing,Medium,2025-03-21,0.27
798cc928-0e92-4c41-9d49-a5c289f2146a,9,12672.75,1408.08,Active,Electronics,Medium,2025-03-08,3.1
83c47348-7e99-4e44-8834-0d8e4e5e6ff5,6,27186.79,4531.13,Active,Clothing,Medium,2025-02-05,9.01
342ff4be-27dc-4879-b8b8-89c9e7976008,3,3071.01,1023.67,Active,Grooming,Low,2024-10-17,30.7
c15dc789-76b2-4d5a-8d6a-a124cb4302b0,5,10740.43,2148.09,Active,Grooming,Low,2025-03-26,3.77
3f6bd615-acce-4d13-b639-33535e76053e,4,7072.99,1768.25,Active,Clothing,Low,2024-11-01,18.28
9ebdf46f-a400-41f9-a80f-4fe77326b50f,3,8389.58,2796.53,Active,Electronics,Low,2024-12-28,19.62
3c2725e5-1788-43d5-a38c-645a757b0cb2,6,18746.030000000002,3124.34,Active,Home & Kitchen,Medium,2025-03-15,33.64
f807ecfc-7377-4233-9b98-b23d24dd8855,10,35830.25,3583.02,Active,Electronics,Medium,2025-02-25,39.15
a73cca52-7782-4fa3-843f-0c1835c56506,9,18687.47,2076.39,Active,Home & Kitchen,Medium,2025-02-16,21.67
64db821c-5687-46da-826f-52c7e913da06,10,27835.820000000007,2783.58,Active,Clothing,Medium,2025-03-24,12.61
17bffa6e-f7d2-4cb9-8e90-3ed4f34d07ea,5,12353.68,2470.74,Active,Books,Low,2025-01-09,47.43
9acef624-24ac-4a47-9496-2ef136fc57fe,5,19566.18,3913.24,Active,Electronics,Low,2024-09-22,15.24
02c05b25-f699-475d-83d6-ab3b851bba5d,9,35033.85,3892.65,Active,Electronics,Medium,2024-12-26,1.08
de74b493-a356-47cd-b6bb-d9af9bbc96cb,6,22172.72,3695.45,Active,Electronics,Medium,2025-03-20,3.39
71f55ea8-8917-45c4-aa2e-e8d5ecd4a74a,3,8455.09,2818.36,Active,Electronics,Low,2025-03-30,11.08
f5d2cfd5-fc9d-41c6-ae71-eb6be9072d59,3,9062.49,3020.83,Active,Toys & Games,Low,2025-03-30,33.0
a96e33c3-2418-4459-803a-75b51928110d,2,810.3199999999999,405.16,Active,Clothing,Low,2024-12-30,31.13
28060de7-8db9-4e92-b112-597530e4d422,6,20086.129999999997,3347.69,Active,Books,Medium,2025-01-07,18.39
12343e70-cb71-4635-a5ac-7da602ea4f2b,4,10716.210000000001,2679.05,Active,Home & Kitchen,Low,2025-02-25,28.17
d84df935-4c4f-48ea-a05f-a738af7e618a,5,19999.83,3999.97,Active,Clothing,Low,2024-10-07,29.41
3bb5baaa-6c33-42a4-b252-405c2a0640a5,5,2989.7400000000002,597.95,Active,Toys & Games,Low,2025-03-16,46.22
afe0f014-0be7-470c-a6b2-29d29722c6f2,8,28598.13,3574.77,Active,Clothing,Medium,2025-03-26,5.45
1be94bf0-6f01-4460-9292-d037ec5e1551,6,13581.01,2263.5,Active,Toys & Games,Medium,2024-07-05,34.63
f35104b5-f781-45aa-ac00-3c3df1641061,7,13318.86,1902.69,Active,Toys & Games,Medium,2025-02-28,4.31
719d4399-6a3a-4d57-acff-45161a9d2b70,6,17970.28,2995.05,Active,Books,Medium,2025-03-16,5.85
f5e98406-c449-458a-9b38-46ae4fdc70c4,7,18598.559999999998,2656.94,Active,Clothing,Medium,2025-03-01,38.06
25a158c8-8d68-4972-85d0-e1adcbae3af8,5,7721.59,1544.32,Active,Electronics,Low,2024-12-13,8.86
22d685bf-d35d-4c04-96af-6db46d5b6c06,7,18625.399999999998,2660.77,Active,Electronics,Medium,2024-12-06,21.23
96fab6e6-053c-4de0-9c0b-86308bb1cdd5,2,3690.35,1845.18,Inactive,Home & Kitchen,Low,2025-02-21,13.18
9ae96ff4-5ce3-4de9-ba4c-8f07713b5285,7,26104.84,3729.26,Inactive,Electronics,Medium,2025-02-18,39.7
cd84d9b1-fd57-4415-82ce-f7bd746b9890,2,2177.08,1088.54,Inactive,Clothing,Low,2025-03-20,38.02
dab778fb-11c7-4fb2-afbb-9c453dfdad95,7,13158.38,1879.77,Active,Electronics,Medium,2025-03-19,0.45
7eea8ebd-c939-466d-9eb0-fa7b4b201d46,3,6103.12,2034.37,Inactive,Books,Low,2025-02-02,38.6
6225d5ca-f299-49cd-bad1-aeea5374adc3,3,4640.47,1546.82,Inactive,Grooming,Low,2024-12-26,49.26
2fde3dd4-a0d2-4010-8f38-daeaf1f57eea,8,34899.69,4362.46,Active,Electronics,Medium,2024-10-03,5.56
d4523b40-bb30-4808-bced-6098adc9926f,6,23339.25,3889.88,Inactive,Books,Medium,2025-02-22,13.96
69924258-46d2-4de3-81a5-5901cab80fc7,8,21920.010000000002,2740.0,Active,Home & Kitchen,Medium,2025-03-13,31.12
70149680-d312-4524-a4fa-97cb74931a7f,6,15369.42,2561.57,Inactive,Grooming,Medium,2025-03-02,15.87
6fed8c62-b0d3-403f-95f9-e6b82186b8fa,3,8332.56,2777.52,Inactive,Books,Low,2025-01-01,0.98
cb28bd3a-044d-40c9-947f-5d32d7cf4212,7,20192.73,2884.68,Active,Clothing,Medium,2025-03-18,22.28
59da97ba-0d37-40d2-8a5f-25a85eeda222,6,6647.919999999999,1107.99,Active,Electronics,Medium,2024-12-12,8.62
219cad78-a604-4034-8f41-3c19d812c828,3,6176.620000000001,2058.87,Active,Home & Kitchen,Low,2024-12-14,6.51
e07a152f-41f1-4017-9569-613378da30ca,0,0.0,0.0,Inactive,Books,Low,,7.02
ff7f3553-bb8f-4149-ae53-94e1b531273b,2,1067.15,533.58,Inactive,Electronics,Low,2025-03-12,33.84
dc09bc74-de2a-4678-8b0e-1b6baa0ac455,10,35826.49,3582.65,Active,Electronics,Medium,2025-03-16,12.54
131cb845-1236-4d42-8143-4b1194af2553,4,7958.46,1989.62,Active,Clothing,Low,2025-01-09,23.59
56ec3c7a-2922-4e23-ad01-7a501e3ac29e,5,9589.54,1917.91,Active,Electronics,Low,2025-03-18,32.92
bca58d89-40cc-4fa4-a5b9-b16d3a5dbd88,11,41559.509999999995,3778.14,Active,Books,Medium,2025-03-28,31.37
b956342e-d896-41e4-be22-503da7162960,3,6287.11,2095.7,Active,Clothing,Low,2024-07-20,15.4
c3cc5de7-b454-4fbc-a729-916ee272a5e4,3,13897.54,4632.51,Active,Books,Low,2025-01-02,33.55
21ecb0c8-0bca-4735-837a-6af5b9ebf32c,11,30726.49,2793.32,Active,Home & Kitchen,Medium,2024-12-23,13.1
3c7370e9-2c39-4f6d-a3f8-962265c5b217,5,19538.05,3907.61,Active,Home & Kitchen,Low,2025-03-21,0.65
159e1eb3-d02d-4a92-870c-aa055c267c81,5,18168.0,3633.6,Active,Toys & Games,Low,2024-11-05,7.41
5c0ae08b-cf1f-4373-9fd7-5551db7fc264,4,11777.8,2944.45,Active,Home & Kitchen,Low,2024-12-02,35.54
d12ad397-88cc-4d60-bfcc-4fab453db8e0,8,30022.82,3752.85,Active,Home & Kitchen,Medium,2024-11-26,26.52
bd7b1a8c-0e2a-4be8-90be-fdcd16969c15,6,13985.03,2330.84,Active,Grooming,Medium,2025-03-08,42.9
f6d871fe-2240-454e-a7ef-bc7354f1d396,6,19293.03,3215.5,Active,Books,Medium,2025-03-21,22.39
0352e950-d011-493b-8c8c-76718ac62829,4,10570.59,2642.65,Active,Electronics,Low,2025-03-26,23.23
3414491c-216a-41b0-8a25-023688133b69,5,19452.46,3890.49,Active,Clothing,Low,2025-02-25,35.31
254ad4bc-13bb-4825-acb2-11b1cda450a9,3,2629.06,876.35,Active,Electronics,Low,2024-11-04,13.37
22b0873c-f96d-4fe3-aca9-c85278224e74,4,16898.15,4224.54,Active,Electronics,Low,2025-01-01,32.23
b6fab367-4147-4e23-9405-df4e999ceda8,2,6292.77,3146.38,Inactive,Electronics,Low,2024-12-27,48.48
fc9e4cf2-79ab-465d-8209-4489c78976cd,12,24008.93,2000.74,Active,Grooming,Medium,2025-02-04,16.75
33953db4-778b-44cc-9f4f-f332b793f645,6,11466.18,1911.03,Inactive,Electronics,Medium,2025-01-24,38.72
70e7c094-04ac-4890-83c7-86d59629115c,3,4852.120000000001,1617.37,Active,Books,Low,2024-09-12,32.05
369a6a07-8238-4654-bc90-99154de5dc17,5,11833.88,2366.78,Active,Electronics,Low,2025-02-18,28.69
1ce8b2e2-4070-46b0-bfeb-2ff157147e0e,4,4246.08,1061.52,Active,Electronics,Low,2025-02-23,20.97
fb6e0b60-8331-4e4a-beeb-b467eb00c604,9,30942.68,3438.08,Active,Clothing,Medium,2025-02-04,49.66
64ddfa7b-940f-4084-a062-6bdee10af2f4,5,9311.38,1862.28,Active,Electronics,Low,2025-02-18,47.13
5791555f-0704-4633-99c1-81a53fa7f9fa,5,12321.789999999999,2464.36,Active,Electronics,Low,2025-01-21,20.86
e4c1a7b1-b310-479d-b696-06b1582d0ccf,5,9677.59,1935.52,Active,Toys & Games,Low,2025-02-20,28.05
bf78f571-f8d9-46fc-82c3-43cf3c084615,4,16016.279999999999,4004.07,Active,Clothing,Low,2024-05-14,8.83
5f89f29f-bcf2-4855-9926-10c543fbe151,0,0.0,0.0,Inactive,Clothing,Low,,12.74
7f1ea073-d881-4039-8251-3be99cf882fb,5,11088.050000000001,2217.61,Active,Clothing,Low,2025-01-29,7.97
98fa4f7c-bded-458f-984e-803e12e07d29,3,3610.7400000000002,1203.58,Active,Toys & Games,Low,2025-03-03,25.93
c1c35185-425d-4671-86d7-c84c240c9cc8,4,6653.179999999999,1663.29,Inactive,Grooming,Low,2024-11-25,39.93
8b748b78-9848-4f0d-a33d-f293c2ca1ad5,8,24064.96,3008.12,Active,Home & Kitchen,Medium,2025-03-07,47.51
442e9d79-ce13-4faf-89a2-4f8c42d2d9bd,5,14711.279999999999,2942.26,Active,Grooming,Low,2025-03-16,4.58
3e5b07ee-bd56-4f57-9158-b93fbd5f3295,4,14617.64,3654.41,Active,Home & Kitchen,Low,2025-03-06,17.18
1f26e19d-eaeb-4df8-8059-0be1bb40cabe,5,24050.03,4810.01,Active,Toys & Games,Low,2025-01-09,23.31
400a0af2-406f-4cf1-b9ca-45862d0dfeaa,4,19207.45,4801.86,Active,Books,Low,2025-03-28,33.25
7ae48129-8bd1-4960-aa47-8086dd2139d1,7,19286.86,2755.27,Inactive,Grooming,Medium,2025-03-13,19.9
79cd81a0-aadd-47a0-a730-8210277af142,6,20825.61,3470.94,Active,Grooming,Medium,2025-03-20,13.91
f4220d7c-4c22-46ee-9696-d968fb246fcb,2,13397.369999999999,6698.68,Active,Home & Kitchen,Low,2024-04-26,1.86
d3ce5f24-cd28-4187-bca2-370b5d792c3e,5,20794.5,4158.9,Active,Grooming,Low,2025-02-09,16.07
833020e7-b8a0-4950-9ec0-befef243f3e5,4,6432.53,1608.13,Active,Electronics,Low,2025-02-13,41.37
0f2da294-628a-4cee-8687-d75d72c4a580,7,22814.559999999998,3259.22,Active,Books,Medium,2025-01-16,18.0
4e94be89-d050-4447-9eae-0fd2863fb11f,5,17490.74,3498.15,Active,Clothing,Low,2024-12-02,6.44
2fea74b8-8809-4ea1-8e01-a678ae4d88c2,9,14961.17,1662.35,Active,Toys & Games,Medium,2025-03-30,21.47
33771677-ad05-4fc3-a385-d5d753f5a16f,2,4532.6,2266.3,Inactive,Grooming,Low,2024-05-24,30.05
8cd28661-e0a7-4cda-84aa-26dbea5300ea,4,6299.01,1574.75,Inactive,Grooming,Low,2024-11-14,25.5
51637e19-e53b-472d-8de4-6386e4d7dc51,3,13225.34,4408.45,Active,Electronics,Low,2024-09-25,33.9
52cf693c-12e8-40e0-9d25-a06008590ed0,5,21510.760000000002,4302.15,Inactive,Clothing,Low,2024-12-13,31.36
2d13f98a-feec-470f-81b7-1a488447585c,2,10505.8,5252.9,Inactive,Clothing,Low,2024-09-08,32.81
acd0a65f-153e-40b2-bb7c-deeb0cbb8b15,7,18006.77,2572.4,Active,Clothing,Medium,2025-03-25,5.03
6624f6b8-11f7-408d-99db-206c60090e26,5,20341.72,4068.34,Active,Clothing,Low,2024-09-14,6.08
3d00e39e-aba4-4381-8651-d12356b7b79c,5,9702.949999999999,1940.59,Active,Home & Kitchen,Low,2024-10-12,35.75
11a18a72-ae14-4831-85a6-dc7f1639a94e,4,17497.91,4374.48,Active,Toys & Games,Low,2025-01-03,3.2
1d5d76e8-13a2-4f63-9c52-524a9dff7d37,5,10013.2,2002.64,Active,Toys & Games,Low,2025-02-18,27.81
3cd78f2b-5476-44ed-87ae-d6d3be5a9dcf,5,16701.6,3340.32,Active,Home & Kitchen,Low,2025-02-24,31.98
5270e3e0-67ba-4e88-af7d-cc775d6fb8c9,3,11032.83,3677.61,Inactive,Books,Low,2024-12-28,32.43
1d48bde2-75e0-4abc-967e-85052b826ec6,7,11973.649999999998,1710.52,Active,Books,Medium,2025-03-07,13.09
ebf9a08f-30bd-43bf-9863-eba56d2f80ef,3,12481.560000000001,4160.52,Inactive,Grooming,Low,2024-09-11,19.9
7077821a-9d78-48db-b196-8375bfa91ef5,1,664.3,664.3,Inactive,Toys & Games,Low,2024-02-27,9.82
70d5040c-b40f-4850-8cbb-8ddac4a4a8fb,3,5729.110000000001,1909.7,Inactive,Electronics,Low,2024-06-27,40.23
6e658063-cb4d-48a4-8b13-b972c6c008ee,3,11425.71,3808.57,Inactive,Home & Kitchen,Low,2025-02-04,2.94
3be2c780-ba6f-4b56-ab5c-5d728a4c8f0e,5,17392.34,3478.47,Active,Toys & Games,Low,2025-03-28,26.42
85e40c3f-c324-43c0-857c-671c9d180a3c,6,9453.27,1575.54,Active,Books,Medium,2024-12-30,31.7
6cb48df6-531f-47ac-a8a0-d47b57bde315,2,4081.91,2040.96,Active,Electronics,Low,2024-03-21,20.54
dd6d0ad1-33c3-4818-8636-0764f71fc1d7,5,24577.99,4915.6,Active,Clothing,Low,2024-11-16,9.06
9def1fdb-0284-4330-9d89-2d8e4cfc31a3,12,48667.83,4055.65,Active,Toys & Games,Medium,2025-03-27,39.08
97ced0d4-714e-4faf-a4dc-4263727d2b97,8,26638.29,3329.79,Active,Home & Kitchen,Medium,2024-09-12,13.96
9ec3acc1-4e8b-4e31-b473-694c5d37f087,11,21848.339999999997,1986.21,Active,Books,Medium,2025-01-28,39.74
c929210a-e49d-4a5b-9977-c536de11f0d9,7,13351.44,1907.35,Inactive,Electronics,Medium,2025-03-30,34.08
24e3ccc4-c0c4-4f74-8569-4ffc423cfe1b,1,2350.04,2350.04,Inactive,Toys & Games,Low,2024-01-20,30.97
19ec4f28-7ab0-4fd9-bf6b-3a4a25289bb4,7,15657.399999999998,2236.77,Active,Books,Medium,2024-12-25,44.75
ef8d8607-2432-4a27-b954-a409da3e3a79,8,16400.85,2050.11,Active,Toys & Games,Medium,2024-11-30,31.65
7fffb435-e439-4260-81b5-1255db5ce44c,4,6106.0599999999995,1526.52,Active,Grooming,Low,2025-03-27,26.6
8903a4d8-540b-4623-a2a3-818a6aa79592,9,24212.64,2690.29,Active,Electronics,Medium,2024-12-26,8.91
7c526161-6554-4dc1-a5f3-5b7562d83d6d,3,2768.1400000000003,922.71,Active,Grooming,Low,2025-02-25,35.41
2f993dd0-00cb-4a50-936e-4c2eead4a4bf,7,23267.86,3323.98,Active,Clothing,Medium,2025-03-30,11.2
573789c6-a578-490d-9941-116d9c1e0dcc,9,23384.36,2598.26,Active,Clothing,Medium,2025-03-05,16.9
085b1124-69fa-4033-9022-b4780c93cdbd,6,13679.41,2279.9,Active,Books,Medium,2025-03-30,43.79
b73a35c0-e473-4fa5-b897-16ff1e687d80,5,14589.26,2917.85,Active,Clothing,Low,2025-02-20,1.22
06ffe81d-d038-4555-aaca-46c7eba582da,1,730.48,730.48,Inactive,Toys & Games,Low,2024-03-28,33.57
5bedbbbe-ef06-4b98-ba43-c748c2db3b41,5,11838.36,2367.67,Active,Clothing,Low,2025-01-07,18.59
5ce04c38-3516-4227-8562-a5b4ea8ec564,5,11367.31,2273.46,Inactive,Home & Kitchen,Low,2025-03-03,24.64
b9039fd1-7250-49e2-8c48-abf4dac83e29,5,5018.43,1003.69,Active,Toys & Games,Low,2025-01-28,48.31
108995b1-dd7e-48c1-9d45-b71b4717942d,8,13727.720000000001,1715.96,Active,Toys & Games,Medium,2024-12-17,8.96
f57245a5-b7cc-4d59-b0ca-1d34aa8fe765,3,12083.349999999999,4027.78,Active,Books,Low,2025-02-10,46.08
1d389875-eab0-4988-8193-7281d7f0a584,4,7352.9,1838.22,Active,Electronics,Low,2024-11-17,13.91
5e4517d0-78bf-4267-9999-c9ccf494c28a,5,18212.420000000002,3642.48,Active,Electronics,Low,2024-10-07,45.84
0b317811-b800-41c4-9e31-bfd0522263e7,3,7087.58,2362.53,Active,Grooming,Low,2024-11-16,32.42
480021f3-ae00-4703-9eb0-0ea028c95ad8,2,5812.94,2906.47,Inactive,Books,Low,2024-07-17,28.56
e540b4cb-f3ba-431b-ae73-0d4a201b7636,3,2052.75,684.25,Inactive,Home & Kitchen,Low,2025-03-22,2.53
6c3da0a3-ff53-4958-b680-dae1193df7fb,7,18324.440000000002,2617.78,Inactive,Clothing,Medium,2025-03-07,25.31
91c9f531-01d4-4861-8477-ad72a7f9f03a,5,10641.81,2128.36,Active,Grooming,Low,2025-02-03,4.27
641549f9-fee3-4840-b2e3-42f4b78eb44c,4,8095.72,2023.93,Inactive,Toys & Games,Low,2024-12-18,37.88
d978047f-3542-4cd6-957e-acae8b9ca4fc,3,9590.800000000001,3196.93,Active,Grooming,Low,2024-09-13,46.15
2785b581-b6b3-4e4e-8a51-ce3cdda1e8fc,6,12704.15,2117.36,Active,Books,Medium,2024-10-25,19.53
69a5fd87-1a62-4229-9dc6-e4c28d45ae2c,4,12617.880000000001,3154.47,Active,Clothing,Low,2024-09-07,16.61
2c900f82-9959-4e56-857e-1c7d66c77e1b,3,10929.619999999999,3643.21,Inactive,Toys & Games,Low,2024-09-18,34.44
9ee8bc57-5282-4ba2-8763-be74daf217bb,5,12844.100000000002,2568.82,Active,Electronics,Low,2024-12-07,45.25
7efbfa4a-4cea-4e5f-9479-cc25a1dbd848,5,6522.349999999999,1304.47,Active,Books,Low,2025-03-22,40.83
5b75b2c0-bb7e-40ed-b448-42008cea029c,11,20999.300000000003,1909.03,Active,Clothing,Medium,2024-11-22,21.9
95d65c6d-5174-43f6-8c92-c83c93508fce,5,16678.0,3335.6,Active,Home & Kitchen,Low,2024-10-27,31.57
155d0d15-f87e-48e8-8aad-4c5f63b7f730,3,10937.44,3645.81,Active,Clothing,Low,2024-12-03,21.45
951a6391-033d-4410-968c-97a37b756672,2,5405.75,2702.88,Active,Books,Low,2024-04-19,35.65
1bdf769d-d299-4fb8-bdbf-4c2eafb4cc08,4,19199.66,4799.92,Active,Toys & Games,Low,2025-02-17,28.91
9b5f4838-bc90-4771-820f-e486195cdb88,8,33436.53,4179.57,Active,Toys & Games,Medium,2025-02-14,5.65
c541c5a7-b2e0-4216-8aba-6944b7fa7039,5,12565.4,2513.08,Active,Books,Low,2025-03-12,0.02
e25702f9-07b0-44f6-b6b0-13ae8b4ddc67,3,12552.09,4184.03,Inactive,Clothing,Low,2024-04-23,9.95
7f0ed4bf-2e89-40e5-a785-52f49b356fb1,5,21857.34,4371.47,Active,Grooming,Low,2024-11-10,13.82
80d48cfa-0dd2-487a-92f1-f889dbbd3edc,7,21091.61,3013.09,Active,Grooming,Medium,2025-02-19,4.83
c32c84ad-1cf7-491f-8625-242e79efdc04,8,19329.15,2416.14,Active,Home & Kitchen,Medium,2025-03-29,8.67
88759cda-5495-42ee-b8c2-b03764c23615,5,11214.17,2242.83,Inactive,Grooming,Low,2025-01-08,8.36
50f3ef03-4f05-4997-bfde-347ba26715ad,2,1902.8600000000001,951.43,Active,Books,Low,2024-08-18,42.52
d221aadf-70cb-4718-8c98-2fd6c87285ad,2,8266.69,4133.34,Active,Home & Kitchen,Low,2025-03-20,42.83
3cd37a1b-577e-4290-b987-246772ab3deb,5,25250.070000000003,5050.01,Inactive,Toys & Games,Low,2024-09-06,28.7
1a95b46c-34b3-4b09-b17a-74e69094d6e5,6,17169.07,2861.51,Active,Clothing,Medium,2024-11-25,18.1
6509a232-511b-4ade-8058-f4ba166eb609,5,9571.720000000001,1914.34,Active,Toys & Games,Low,2025-02-18,34.54
e283b2a3-02ab-4bc3-84e1-b4963d1c12b5,5,13762.619999999999,2752.52,Active,Grooming,Low,2025-03-03,8.6
57878e40-528b-415a-a649-19a22e3ac03f,8,36721.49,4590.19,Inactive,Clothing,Medium,2025-02-04,32.33
976f729d-efe6-4d48-a00a-e061966d6353,6,26892.77,4482.13,Active,Electronics,Medium,2025-01-11,45.27
4810be39-385b-46ba-8a5a-fe994454e458,3,8315.22,2771.74,Active,Electronics,Low,2024-12-28,36.97
b5d7cf63-eb80-49ae-811c-049644107ca7,7,14787.95,2112.56,Active,Books,Medium,2025-02-09,49.46
8f207c39-3fce-4b01-8fd2-1d80da482a9b,5,12403.220000000001,2480.64,Inactive,Electronics,Low,2024-10-20,31.29
b9807578-d635-4011-a9aa-33a0055752b9,3,18188.6,6062.87,Inactive,Home & Kitchen,Low,2025-02-19,15.39
dc38ce5f-8952-47ad-a0b0-2c538d4b2bae,6,21408.52,3568.09,Inactive,Electronics,Medium,2025-02-17,30.05
c9345727-3058-4da4-a4e1-d881b00b5e1a,7,15659.950000000003,2237.14,Active,Electronics,Medium,2024-11-22,44.25
9345b8d2-d959-41d4-9360-6deca1e93fbe,5,8740.230000000001,1748.05,Active,Books,Low,2025-01-14,36.35
85c3c824-2723-4e04-99a7-755d8ff65966,4,14457.650000000001,3614.41,Inactive,Books,Low,2024-11-09,0.51
2dc5da46-1a1b-494a-ad86-446852aa4727,3,9607.31,3202.44,Active,Electronics,Low,2024-08-12,44.57
0f966322-5813-43df-8131-b12ffc46907c,8,16316.02,2039.5,Active,Books,Medium,2024-11-23,49.55
5461454e-79fc-4b99-87fc-1affad92321d,6,16584.02,2764.0,Active,Electronics,Medium,2025-02-24,36.62
98647b48-56a6-486f-9f2d-4826f3488394,4,12832.66,3208.16,Active,Clothing,Low,2024-07-22,18.9
2c1ee99e-08f3-4d2b-976b-48e38340f36f,6,16802.79,2800.46,Active,Clothing,Medium,2024-10-27,18.56
d9ae07d6-8560-4f70-bbfb-9f7c5310e047,5,18831.99,3766.4,Active,Books,Low,2025-03-26,4.54
ea460075-d8ec-449e-8bf6-6ab75d208280,5,10915.98,2183.2,Active,Home & Kitchen,Low,2025-03-09,20.96
f1d0b2df-4e1c-45fa-a713-3bd959b6de06,7,17081.34,2440.19,Active,Books,Medium,2025-02-06,27.09
229a1b60-4d99-4771-9fb4-07cb88a27149,8,19814.6,2476.82,Active,Books,Medium,2025-03-21,11.67
e1137b93-08fe-43f9-8c55-9d50525fa2b6,6,16023.0,2670.5,Active,Books,Medium,2025-01-25,34.81
7352622e-4574-4deb-b939-c08a073150e6,3,14806.95,4935.65,Active,Toys & Games,Low,2025-01-12,47.66
cf0b6cb6-ec54-4786-94b4-f8b23f6e3285,7,11060.56,1580.08,Inactive,Electronics,Medium,2025-01-12,27.37
a0e89254-fcdd-4325-891d-b8a5480d5aac,3,6964.650000000001,2321.55,Inactive,Clothing,Low,2024-11-23,8.05
f650de16-5cb2-4d7f-8082-d7a8ce4a10cc,9,24993.86,2777.1,Active,Toys & Games,Medium,2025-03-08,41.56
528622bc-9f9e-42e8-b1bc-7cca8c482b4f,8,24510.67,3063.83,Active,Clothing,Medium,2025-01-27,30.83
ec629d2d-8bda-4eda-8eea-90f7ccec93d7,3,5929.6,1976.53,Inactive,Clothing,Low,2024-12-20,36.67
2669bf73-2150-48b7-b22f-baf73b7147e0,5,14637.750000000002,2927.55,Active,Clothing,Low,2024-12-26,13.76
d2ffdee5-71ed-4f0c-8ec9-68f1be88a858,7,15184.279999999999,2169.18,Active,Home & Kitchen,Medium,2025-03-10,17.17
4151528c-0768-48f8-bdcc-fbf8779b5dc3,4,10063.66,2515.92,Active,Books,Low,2024-11-01,31.56
fd22f068-1793-4067-9c0f-68b3d6f22fd0,3,9923.15,3307.72,Active,Books,Low,2025-01-19,18.78
e6f99393-bbf8-4282-978f-78cd9ca7b893,2,13796.76,6898.38,Active,Grooming,Low,2025-03-28,39.19
573cd61b-538c-4f56-be75-a841ea5a9cb9,6,22244.17,3707.36,Active,Clothing,Medium,2025-03-29,35.96
c2e82c18-63c3-4881-942e-ce8091551a20,2,9505.16,4752.58,Inactive,Clothing,Low,2024-09-15,22.2
17cf9c11-6f77-44be-8429-91ff569b8dd0,7,18696.589999999997,2670.94,Inactive,Grooming,Medium,2025-03-15,16.3
640a39e7-489b-43d2-b560-b6caccfe3ce7,3,3270.51,1090.17,Active,Clothing,Low,2025-01-06,32.99
44fbdf0d-58d0-4567-a545-1495400cdda6,7,6836.43,976.63,Active,Grooming,Medium,2024-09-30,43.33
9499076b-babb-4265-abb9-895d53f33815,3,427.40000000000003,142.47,Inactive,Electronics,Low,2024-11-22,41.16
f7234104-e6b6-404f-9349-0fc98d7ec4a9,4,11846.18,2961.54,Active,Books,Low,2025-03-18,27.3
93909a22-4bd3-45e2-8c6f-6bbfa060a1dc,7,16861.92,2408.85,Active,Grooming,Medium,2025-01-07,23.75
ecac113c-e35b-4014-b1f6-94cbad3a75df,2,4387.1,2193.55,Inactive,Electronics,Low,2024-06-21,23.89
b0aa9f77-ff79-43f0-bc2a-38cd9f18972c,4,7523.55,1880.89,Active,Grooming,Low,2025-03-27,17.78
9dbb33fc-5141-4fa7-8d39-a573497cefb7,3,6848.5,2282.83,Active,Toys & Games,Low,2024-09-03,15.07
3ea4909b-47df-48f3-a1c8-0143fe7fa0e6,3,4602.9800000000005,1534.33,Active,Books,Low,2024-10-18,18.35
d526fb63-6c95-44c6-81b5-605db45253a4,5,15473.12,3094.62,Active,Electronics,Low,2025-02-12,43.23
806018ef-fdda-4cc4-a316-cc28b8c2feb0,1,1817.7,1817.7,Inactive,Grooming,Low,2024-07-08,48.11
25428225-27fe-4bcd-8c70-a2a51d23052d,4,13469.79,3367.45,Active,Home & Kitchen,Low,2025-02-06,34.18
2f9f05d2-dbd0-4b7a-aca1-5cc1964460ec,6,16587.25,2764.54,Active,Books,Medium,2025-02-08,22.01
4fd16274-2de2-4e43-bb29-b149ff22d862,4,9461.41,2365.35,Active,Grooming,Low,2024-11-09,3.95
482b7565-1882-4d63-9342-d9e7725a77c6,4,20304.809999999998,5076.2,Active,Grooming,Low,2024-12-27,41.11
493cd943-b671-4a5c-8fb2-1319a4314766,7,28341.54,4048.79,Active,Toys & Games,Medium,2025-03-22,25.39
d5e1f07f-0c40-4604-9840-7030e92473a1,4,9983.37,2495.84,Active,Electronics,Low,2025-03-07,45.01
e85e36cc-a1cd-4826-8109-cbb9de0149f7,8,40336.009999999995,5042.0,Active,Clothing,Medium,2024-09-21,19.01
2dfcc9c3-ab23-42bb-880b-463139081377,6,15358.07,2559.68,Active,Books,Medium,2025-01-24,24.68
a2287241-7156-4262-afc6-8560261d42e0,5,4288.34,857.67,Active,Electronics,Low,2024-07-14,42.81
9e76b5ed-b99b-4667-999e-2df4ec42e49c,8,27809.920000000002,3476.24,Active,Books,Medium,2025-03-08,2.32
eb8cb5ca-e504-43de-ae9b-50c1620e7aff,4,14811.189999999999,3702.8,Active,Toys & Games,Low,2025-01-12,38.8
ecca85a6-130c-4395-8d04-11df27d9dbe1,6,16829.160000000003,2804.86,Active,Books,Medium,2025-02-28,43.87
389836be-4160-4671-9f4b-133cc07b32cc,5,8990.61,1798.12,Active,Home & Kitchen,Low,2025-01-25,2.1
60924ed5-02d4-4edd-97ee-c6a06c1bf0ff,3,5421.7699999999995,1807.26,Inactive,Electronics,Low,2025-01-11,35.53
ccb5480b-feae-47f7-9476-f6ad75accb7c,5,19738.3,3947.66,Inactive,Clothing,Low,2025-03-30,33.05
